Workbook

Sheet B2
A1: B | B1: S | C1: C | D1: Fsl | E1: Opt | F1: Obj | G1: Gap | H1: Time
A2: 2 | B2: 100 | C2: 1 | D2: =IF(F2<9999,1,0) -> 1 | E2: =IF(G2<1,1,0) -> 1 | F2: 46.237 | G2: 0 | H2: 0.00637
A3: 2 | B3: 100 | C3: 2 | D3: =IF(F3<9999,1,0) -> 1 | E3: =IF(G3<1,1,0) -> 1 | F3: 415.922 | G3: 0 | H3: 0.033997
A4: 2 | B4: 100 | C4: 3 | D4: =IF(F4<9999,1,0) -> 1 | E4: =IF(G4<1,1,0) -> 1 | F4: 120.037 | G4: 0.705891 | H4: 0.061237
A5: 2 | B5: 100 | C5: 4 | D5: =IF(F5<9999,1,0) -> 1 | E5: =IF(G5<1,1,0) -> 1 | F5: 78.3933 | G5: 0 | H5: 0.00435
A6: 2 | B6: 100 | C6: 5 | D6: =IF(F6<9999,1,0) -> 1 | E6: =IF(G6<1,1,0) -> 1 | F6: 153.478 | G6: 0.674982 | H6: 0.067432
A7: Average | D7: =SUM(D2:D6) -> 5 | E7: =SUM(E2:E6) -> 5 | F7: =($D2*F2+$D3*F3+$D4*F4+$D5*F5+$D6*F6)/$D7 -> 162.81346 | G7: =($D2*G2+$D3*G3+$D4*G4+$D5*G5+$D6*G6)/$D7 -> 0.2761746 | H7: =AVERAGE(H2:H6) -> 0.0346772
A8: 2 | B8: 200 | C8: 1 | D8: =IF(F8<9999,1,0) -> 1 | E8: =IF(G8<1,1,0) -> 1 | F8: 58.2172 | G8: 0 | H8: 0.020215
A9: 2 | B9: 200 | C9: 2 | D9: =IF(F9<9999,1,0) -> 1 | E9: =IF(G9<1,1,0) -> 1 | F9: 206.283 | G9: 0 | H9: 0.035572
A10: 2 | B10: 200 | C10: 3 | D10: =IF(F10<9999,1,0) -> 1 | E10: =IF(G10<1,1,0) -> 1 | F10: 98.6311 | G10: 0 | H10: 0.01938
A11: 2 | B11: 200 | C11: 4 | D11: =IF(F11<9999,1,0) -> 1 | E11: =IF(G11<1,1,0) -> 1 | F11: 109.389 | G11: 0.818604 | H11: 0.184839
A12: 2 | B12: 200 | C12: 5 | D12: =IF(F12<9999,1,0) -> 1 | E12: =IF(G12<1,1,0) -> 1 | F12: 85.648 | G12: 0.385555 | H12: 0.02999
A13: Average | D13: =SUM(D8:D12) -> 5 | E13: =SUM(E8:E12) -> 5 | F13: =($D8*F8+$D9*F9+$D10*F10+$D11*F11+$D12*F12)/$D13 -> 111.63366 | G13: =($D8*G8+$D9*G9+$D10*G10+$D11*G11+$D12*G12)/$D13 -> 0.2408318 | H13: =AVERAGE(H8:H12) -> 0.0579992
A14: 2 | B14: 300 | C14: 1 | D14: =IF(F14<9999,1,0) -> 1 | E14: =IF(G14<1,1,0) -> 1 | F14: 44.0738 | G14: 0 | H14: 0.159508
A15: 2 | B15: 300 | C15: 2 | D15: =IF(F15<9999,1,0) -> 1 | E15: =IF(G15<1,1,0) -> 1 | F15: 109.751 | G15: 0.268753 | H15: 0.23619
A16: 2 | B16: 300 | C16: 3 | D16: =IF(F16<9999,1,0) -> 1 | E16: =IF(G16<1,1,0) -> 1 | F16: 125.719 | G16: 0.8711 | H16: 0.162329
A17: 2 | B17: 300 | C17: 4 | D17: =IF(F17<9999,1,0) -> 1 | E17: =IF(G17<1,1,0) -> 1 | F17: 96.9212 | G17: 0.313724 | H17: 0.03245
A18: 2 | B18: 300 | C18: 5 | D18: =IF(F18<9999,1,0) -> 1 | E18: =IF(G18<1,1,0) -> 1 | F18: 93.4532 | G18: 0.793863 | H18: 0.127144
A19: Average | D19: =SUM(D14:D18) -> 5 | E19: =SUM(E14:E18) -> 5 | F19: =($D14*F14+$D15*F15+$D16*F16+$D17*F17+$D18*F18)/$D19 -> 93.98364 | G19: =($D14*G14+$D15*G15+$D16*G16+$D17*G17+$D18*G18)/$D19 -> 0.449488 | H19: =AVERAGE(H14:H18) -> 0.1435242
A20: 2 | B20: 400 | C20: 1 | D20: =IF(F20<9999,1,0) -> 1 | E20: =IF(G20<1,1,0) -> 1 | F20: 121.742 | G20: 0 | H20: 0.261887
A21: 2 | B21: 400 | C21: 2 | D21: =IF(F21<9999,1,0) -> 1 | E21: =IF(G21<1,1,0) -> 1 | F21: 213.237 | G21: 0 | H21: 0.054668
A22: 2 | B22: 400 | C22: 3 | D22: =IF(F22<9999,1,0) -> 1 | E22: =IF(G22<1,1,0) -> 1 | F22: 142.119 | G22: 0.581009 | H22: 0.130509
A23: 2 | B23: 400 | C23: 4 | D23: =IF(F23<9999,1,0) -> 1 | E23: =IF(G23<1,1,0) -> 1 | F23: 38.9152 | G23: 0 | H23: 0.040507
A24: 2 | B24: 400 | C24: 5 | D24: =IF(F24<9999,1,0) -> 1 | E24: =IF(G24<1,1,0) -> 1 | F24: 95.0598 | G24: 0 | H24: 0.05044
A25: Average | D25: =SUM(D20:D24) -> 5 | E25: =SUM(E20:E24) -> 5 | F25: =($D20*F20+$D21*F21+$D22*F22+$D23*F23+$D24*F24)/$D25 -> 122.2146 | G25: =($D20*G20+$D21*G21+$D22*G22+$D23*G23+$D24*G24)/$D25 -> 0.1162018 | H25: =AVERAGE(H20:H24) -> 0.1076022
A26: 2 | B26: 500 | C26: 1 | D26: =IF(F26<9999,1,0) -> 1 | E26: =IF(G26<1,1,0) -> 1 | F26: 168.66 | G26: 0 | H26: 0.030336
A27: 2 | B27: 500 | C27: 2 | D27: =IF(F27<9999,1,0) -> 1 | E27: =IF(G27<1,1,0) -> 1 | F27: 222.354 | G27: 0 | H27: 0.089596
A28: 2 | B28: 500 | C28: 3 | D28: =IF(F28<9999,1,0) -> 1 | E28: =IF(G28<1,1,0) -> 1 | F28: 154.208 | G28: 0 | H28: 3.63453
A29: 2 | B29: 500 | C29: 4 | D29: =IF(F29<9999,1,0) -> 1 | E29: =IF(G29<1,1,0) -> 1 | F29: 367.944 | G29: 0.832387 | H29: 0.760539
A30: 2 | B30: 500 | C30: 5 | D30: =IF(F30<9999,1,0) -> 1 | E30: =IF(G30<1,1,0) -> 1 | F30: 118.236 | G30: 0 | H30: 1.16179
A31: Average | D31: =SUM(D26:D30) -> 5 | E31: =SUM(E26:E30) -> 5 | F31: =($D26*F26+$D27*F27+$D28*F28+$D29*F29+$D30*F30)/$D31 -> 206.2804 | G31: =($D26*G26+$D27*G27+$D28*G28+$D29*G29+$D30*G30)/$D31 -> 0.1664774 | H31: =AVERAGE(H26:H30) -> 1.1353582
A33: Total | D33: =SUM(D7,D13,D19,D25,D31) -> 25 | E33: =SUM(E7,E13,E19,E25,E31) -> 25 | F33: =(F7*$D7+F13*$D13+F19*$D19+F25*$D25+F31*$D31)/($D7+$D13+$D19+$D25+$D31) -> 139.38515 | G33: =(G7*$D7+G13*$D13+G19*$D19+G25*$D25+G31*$D31)/($D7+$D13+$D19+$D25+$D31) -> 0.24983472 | H33: =AVERAGE(H7,H13,H19,H25,H31) -> 0.2958322

Sheet B4
A1: B | B1: S | C1: C | D1: Fsl | E1: Opt | F1: Obj | G1: Gap | H1: Time
A2: 4 | B2: 100 | C2: 1 | D2: =IF(F2<9999,1,0) -> 1 | E2: =IF(G2<1,1,0) -> 1 | F2: 108.773 | G2: 0.0276241 | H2: 0.401486
A3: 4 | B3: 100 | C3: 2 | D3: =IF(F3<9999,1,0) -> 1 | E3: =IF(G3<1,1,0) -> 1 | F3: 156.173 | G3: 0.562146 | H3: 0.800367
A4: 4 | B4: 100 | C4: 3 | D4: =IF(F4<9999,1,0) -> 1 | E4: =IF(G4<1,1,0) -> 1 | F4: 232.438 | G4: 0.995304 | H4: 8.19616
A5: 4 | B5: 100 | C5: 4 | D5: =IF(F5<9999,1,0) -> 1 | E5: =IF(G5<1,1,0) -> 1 | F5: 326.788 | G5: 0.972026 | H5: 9.15908
A6: 4 | B6: 100 | C6: 5 | D6: =IF(F6<9999,1,0) -> 1 | E6: =IF(G6<1,1,0) -> 1 | F6: 245.948 | G6: 0.466775 | H6: 0.333809
A7: Average | D7: =SUM(D2:D6) -> 5 | E7: =SUM(E2:E6) -> 5 | F7: =($D2*F2+$D3*F3+$D4*F4+$D5*F5+$D6*F6)/$D7 -> 214.024 | G7: =($D2*G2+$D3*G3+$D4*G4+$D5*G5+$D6*G6)/$D7 -> 0.60477502 | H7: =AVERAGE(H2:H6) -> 3.7781804
A8: 4 | B8: 200 | C8: 1 | D8: =IF(F8<9999,1,0) -> 1 | E8: =IF(G8<1,1,0) -> 1 | F8: 214.699 | G8: 0.591865 | H8: 1.73764
A9: 4 | B9: 200 | C9: 2 | D9: =IF(F9<9999,1,0) -> 1 | E9: =IF(G9<1,1,0) -> 1 | F9: 184.555 | G9: 0.815371 | H9: 2.69565
A10: 4 | B10: 200 | C10: 3 | D10: =IF(F10<9999,1,0) -> 1 | E10: =IF(G10<1,1,0) -> 1 | F10: 198.532 | G10: 0.709033 | H10: 17.2403
A11: 4 | B11: 200 | C11: 4 | D11: =IF(F11<9999,1,0) -> 1 | E11: =IF(G11<1,1,0) -> 1 | F11: 282.863 | G11: 0.752262 | H11: 1.3372
A12: 4 | B12: 200 | C12: 5 | D12: =IF(F12<9999,1,0) -> 1 | E12: =IF(G12<1,1,0) -> 1 | F12: 112.766 | G12: 0.670407 | H12: 0.377518
A13: Average | D13: =SUM(D8:D12) -> 5 | E13: =SUM(E8:E12) -> 5 | F13: =($D8*F8+$D9*F9+$D10*F10+$D11*F11+$D12*F12)/$D13 -> 198.683 | G13: =($D8*G8+$D9*G9+$D10*G10+$D11*G11+$D12*G12)/$D13 -> 0.7077876 | H13: =AVERAGE(H8:H12) -> 4.6776616
A14: 4 | B14: 300 | C14: 1 | D14: =IF(F14<9999,1,0) -> 1 | E14: =IF(G14<1,1,0) -> 1 | F14: 154.248 | G14: 0.399261 | H14: 0.949684
A15: 4 | B15: 300 | C15: 2 | D15: =IF(F15<9999,1,0) -> 1 | E15: =IF(G15<1,1,0) -> 1 | F15: 177.228 | G15: 0.533326 | H15: 1.31768
A16: 4 | B16: 300 | C16: 3 | D16: =IF(F16<9999,1,0) -> 1 | E16: =IF(G16<1,1,0) -> 1 | F16: 202.249 | G16: 0.449387 | H16: 5.22723
A17: 4 | B17: 300 | C17: 4 | D17: =IF(F17<9999,1,0) -> 1 | E17: =IF(G17<1,1,0) -> 1 | F17: 144.682 | G17: 0.361011 | H17: 0.289466
A18: 4 | B18: 300 | C18: 5 | D18: =IF(F18<9999,1,0) -> 1 | E18: =IF(G18<1,1,0) -> 1 | F18: 148.941 | G18: 0.992858 | H18: 112.552
A19: Average | D19: =SUM(D14:D18) -> 5 | E19: =SUM(E14:E18) -> 5 | F19: =($D14*F14+$D15*F15+$D16*F16+$D17*F17+$D18*F18)/$D19 -> 165.4696 | G19: =($D14*G14+$D15*G15+$D16*G16+$D17*G17+$D18*G18)/$D19 -> 0.5471686 | H19: =AVERAGE(H14:H18) -> 24.067212
A20: 4 | B20: 400 | C20: 1 | D20: =IF(F20<9999,1,0) -> 1 | E20: =IF(G20<1,1,0) -> 1 | F20: 120.285 | G20: 0.438003 | H20: 0.149715
A21: 4 | B21: 400 | C21: 2 | D21: =IF(F21<9999,1,0) -> 1 | E21: =IF(G21<1,1,0) -> 1 | F21: 439.549 | G21: 0.119054 | H21: 1.31477
A22: 4 | B22: 400 | C22: 3 | D22: =IF(F22<9999,1,0) -> 1 | E22: =IF(G22<1,1,0) -> 1 | F22: 258.956 | G22: 0.18267 | H22: 1.34251
A23: 4 | B23: 400 | C23: 4 | D23: =IF(F23<9999,1,0) -> 1 | E23: =IF(G23<1,1,0) -> 1 | F23: 167.014 | G23: 0.348957 | H23: 3.49886
A24: 4 | B24: 400 | C24: 5 | D24: =IF(F24<9999,1,0) -> 1 | E24: =IF(G24<1,1,0) -> 1 | F24: 146.548 | G24: 0.968642 | H24: 34.2751
A25: Average | D25: =SUM(D20:D24) -> 5 | E25: =SUM(E20:E24) -> 5 | F25: =($D20*F20+$D21*F21+$D22*F22+$D23*F23+$D24*F24)/$D25 -> 226.4704 | G25: =($D20*G20+$D21*G21+$D22*G22+$D23*G23+$D24*G24)/$D25 -> 0.4114652 | H25: =AVERAGE(H20:H24) -> 8.116191
A26: 4 | B26: 500 | C26: 1 | D26: =IF(F26<9999,1,0) -> 1 | E26: =IF(G26<1,1,0) -> 1 | F26: 371.5 | G26: 0.999028 | H26: 18.3329
A27: 4 | B27: 500 | C27: 2 | D27: =IF(F27<9999,1,0) -> 1 | E27: =IF(G27<1,1,0) -> 1 | F27: 248.979 | G27: 0.454934 | H27: 1.39513
A28: 4 | B28: 500 | C28: 3 | D28: =IF(F28<9999,1,0) -> 1 | E28: =IF(G28<1,1,0) -> 1 | F28: 155.715 | G28: 0.499324 | H28: 2.1506
A29: 4 | B29: 500 | C29: 4 | D29: =IF(F29<9999,1,0) -> 1 | E29: =IF(G29<1,1,0) -> 1 | F29: 214.038 | G29: 0.958642 | H29: 23.6629
A30: 4 | B30: 500 | C30: 5 | D30: =IF(F30<9999,1,0) -> 1 | E30: =IF(G30<1,1,0) -> 1 | F30: 187.646 | G30: 0.787211 | H30: 0.704781
A31: Average | D31: =SUM(D26:D30) -> 5 | E31: =SUM(E26:E30) -> 5 | F31: =($D26*F26+$D27*F27+$D28*F28+$D29*F29+$D30*F30)/$D31 -> 235.5756 | G31: =($D26*G26+$D27*G27+$D28*G28+$D29*G29+$D30*G30)/$D31 -> 0.7398278 | H31: =AVERAGE(H26:H30) -> 9.2492622
A33: Total | D33: =SUM(D7,D13,D19,D25,D31) -> 25 | E33: =SUM(E7,E13,E19,E25,E31) -> 25 | F33: =(F7*$D7+F13*$D13+F19*$D19+F25*$D25+F31*$D31)/($D7+$D13+$D19+$D25+$D31) -> 208.04452 | G33: =(G7*$D7+G13*$D13+G19*$D19+G25*$D25+G31*$D31)/($D7+$D13+$D19+$D25+$D31) -> 0.60220484 | H33: =AVERAGE(H7,H13,H19,H25,H31) -> 9.9777014

Sheet B6
A1: B | B1: S | C1: C | D1: Fsl | E1: Opt | F1: Obj | G1: Gap | H1: Time
A2: 6 | B2: 100 | C2: 1 | D2: =IF(F2<9999,1,0) -> 1 | E2: =IF(G2<1,1,0) -> 0 | F2: 619.831 | G2: 100 | H2: 1800.02
A3: 6 | B3: 100 | C3: 2 | D3: =IF(F3<9999,1,0) -> 1 | E3: =IF(G3<1,1,0) -> 1 | F3: 282.361 | G3: 0.369246 | H3: 3.40664
A4: 6 | B4: 100 | C4: 3 | D4: =IF(F4<9999,1,0) -> 1 | E4: =IF(G4<1,1,0) -> 1 | F4: 481.871 | G4: 0.99627 | H4: 83.5751
A5: 6 | B5: 100 | C5: 4 | D5: =IF(F5<9999,1,0) -> 1 | E5: =IF(G5<1,1,0) -> 1 | F5: 266.777 | G5: 0.36074 | H5: 4.61634
A6: 6 | B6: 100 | C6: 5 | D6: =IF(F6<9999,1,0) -> 1 | E6: =IF(G6<1,1,0) -> 0 | F6: 430.398 | G6: 100 | H6: 1800.05
A7: Average | D7: =SUM(D2:D6) -> 5 | E7: =SUM(E2:E6) -> 3 | F7: =($D2*F2+$D3*F3+$D4*F4+$D5*F5+$D6*F6)/$D7 -> 416.2476 | G7: =($D2*G2+$D3*G3+$D4*G4+$D5*G5+$D6*G6)/$D7 -> 40.345251 | H7: =AVERAGE(H2:H6) -> 738.33362
A8: 6 | B8: 200 | C8: 1 | D8: =IF(F8<9999,1,0) -> 1 | E8: =IF(G8<1,1,0) -> 1 | F8: 556.34 | G8: 0.98271 | H8: 25.0447
A9: 6 | B9: 200 | C9: 2 | D9: =IF(F9<9999,1,0) -> 1 | E9: =IF(G9<1,1,0) -> 1 | F9: 395.103 | G9: 0.970614 | H9: 12.7244
A10: 6 | B10: 200 | C10: 3 | D10: =IF(F10<9999,1,0) -> 1 | E10: =IF(G10<1,1,0) -> 0 | F10: 238.546 | G10: 1.05941 | H10: 1800.04
A11: 6 | B11: 200 | C11: 4 | D11: =IF(F11<9999,1,0) -> 1 | E11: =IF(G11<1,1,0) -> 0 | F11: 841.519 | G11: 100 | H11: 1801.21
A12: 6 | B12: 200 | C12: 5 | D12: =IF(F12<9999,1,0) -> 1 | E12: =IF(G12<1,1,0) -> 1 | F12: 232.182 | G12: 0.699221 | H12: 94.7193
A13: Average | D13: =SUM(D8:D12) -> 5 | E13: =SUM(E8:E12) -> 3 | F13: =($D8*F8+$D9*F9+$D10*F10+$D11*F11+$D12*F12)/$D13 -> 452.738 | G13: =($D8*G8+$D9*G9+$D10*G10+$D11*G11+$D12*G12)/$D13 -> 20.742391 | H13: =AVERAGE(H8:H12) -> 746.74768
A14: 6 | B14: 300 | C14: 1 | D14: =IF(F14<9999,1,0) -> 1 | E14: =IF(G14<1,1,0) -> 0 | F14: 661.335 | G14: 100 | H14: 1803.25
A15: 6 | B15: 300 | C15: 2 | D15: =IF(F15<9999,1,0) -> 1 | E15: =IF(G15<1,1,0) -> 1 | F15: 258.217 | G15: 0.752492 | H15: 368.916
A16: 6 | B16: 300 | C16: 3 | D16: =IF(F16<9999,1,0) -> 1 | E16: =IF(G16<1,1,0) -> 1 | F16: 194.572 | G16: 0.731125 | H16: 17.3047
A17: 6 | B17: 300 | C17: 4 | D17: =IF(F17<9999,1,0) -> 1 | E17: =IF(G17<1,1,0) -> 0 | F17: 591.65 | G17: 100 | H17: 1800.04
A18: 6 | B18: 300 | C18: 5 | D18: =IF(F18<9999,1,0) -> 1 | E18: =IF(G18<1,1,0) -> 1 | F18: 369.907 | G18: 0.997802 | H18: 460.629
A19: Average | D19: =SUM(D14:D18) -> 5 | E19: =SUM(E14:E18) -> 3 | F19: =($D14*F14+$D15*F15+$D16*F16+$D17*F17+$D18*F18)/$D19 -> 415.1362 | G19: =($D14*G14+$D15*G15+$D16*G16+$D17*G17+$D18*G18)/$D19 -> 40.496284 | H19: =AVERAGE(H14:H18) -> 890.02794
A20: 6 | B20: 400 | C20: 1 | D20: =IF(F20<9999,1,0) -> 1 | E20: =IF(G20<1,1,0) -> 0 | F20: 343.745 | G20: 2.56106 | H20: 1800.17
A21: 6 | B21: 400 | C21: 2 | D21: =IF(F21<9999,1,0) -> 1 | E21: =IF(G21<1,1,0) -> 0 | F21: 836.757 | G21: 100 | H21: 1800.06
A22: 6 | B22: 400 | C22: 3 | D22: =IF(F22<9999,1,0) -> 1 | E22: =IF(G22<1,1,0) -> 1 | F22: 299.013 | G22: 0.431849 | H22: 16.2693
A23: 6 | B23: 400 | C23: 4 | D23: =IF(F23<9999,1,0) -> 1 | E23: =IF(G23<1,1,0) -> 1 | F23: 246.68 | G23: 0.259905 | H23: 1111.88
A24: 6 | B24: 400 | C24: 5 | D24: =IF(F24<9999,1,0) -> 1 | E24: =IF(G24<1,1,0) -> 0 | F24: 488.084 | G24: 100 | H24: 1800.1
A25: Average | D25: =SUM(D20:D24) -> 5 | E25: =SUM(E20:E24) -> 2 | F25: =($D20*F20+$D21*F21+$D22*F22+$D23*F23+$D24*F24)/$D25 -> 442.8558 | G25: =($D20*G20+$D21*G21+$D22*G22+$D23*G23+$D24*G24)/$D25 -> 40.650563 | H25: =AVERAGE(H20:H24) -> 1305.6959
A26: 6 | B26: 500 | C26: 1 | D26: =IF(F26<9999,1,0) -> 1 | E26: =IF(G26<1,1,0) -> 1 | F26: 169.246 | G26: 0.654686 | H26: 67.5344
A27: 6 | B27: 500 | C27: 2 | D27: =IF(F27<9999,1,0) -> 1 | E27: =IF(G27<1,1,0) -> 1 | F27: 297.337 | G27: 0.984123 | H27: 1556.92
A28: 6 | B28: 500 | C28: 3 | D28: =IF(F28<9999,1,0) -> 1 | E28: =IF(G28<1,1,0) -> 0 | F28: 317.738 | G28: 100 | H28: 1800.21
A29: 6 | B29: 500 | C29: 4 | D29: =IF(F29<9999,1,0) -> 1 | E29: =IF(G29<1,1,0) -> 0 | F29: 206.65 | G29: 2.85666 | H29: 1800.19
A30: 6 | B30: 500 | C30: 5 | D30: =IF(F30<9999,1,0) -> 0 | E30: =IF(G30<1,1,0) -> 0 | F30: 20429.1 | G30: 100 | H30: 1800.13
A31: Average | D31: =SUM(D26:D30) -> 4 | E31: =SUM(E26:E30) -> 2 | F31: =($D26*F26+$D27*F27+$D28*F28+$D29*F29+$D30*F30)/$D31 -> 247.74275 | G31: =($D26*G26+$D27*G27+$D28*G28+$D29*G29+$D30*G30)/$D31 -> 26.123867 | H31: =AVERAGE(H26:H30) -> 1404.9969
A33: Total | D33: =SUM(D7,D13,D19,D25,D31) -> 24 | E33: =SUM(E7,E13,E19,E25,E31) -> 13 | F33: =(F7*$D7+F13*$D13+F19*$D19+F25*$D25+F31*$D31)/($D7+$D13+$D19+$D25+$D31) -> 401.07746 | G33: =(G7*$D7+G13*$D13+G19*$D19+G25*$D25+G31*$D31)/($D7+$D13+$D19+$D25+$D31) -> 33.986163 | H33: =AVERAGE(H7,H13,H19,H25,H31) -> 1017.1604

Sheet B8
A1: B | B1: S | C1: C | D1: Fsl | E1: Opt | F1: Obj | G1: Gap | H1: Time
A2: 8 | B2: 100 | C2: 1 | D2: =IF(F2<9999,1,0) -> 1 | E2: =IF(G2<1,1,0) -> 0 | F2: 317.39 | G2: 53.4257 | H2: 1800.06
A3: 8 | B3: 100 | C3: 2 | D3: =IF(F3<9999,1,0) -> 1 | E3: =IF(G3<1,1,0) -> 0 | F3: 513.748 | G3: 100 | H3: 1800.06
A4: 8 | B4: 100 | C4: 3 | D4: =IF(F4<9999,1,0) -> 1 | E4: =IF(G4<1,1,0) -> 0 | F4: 961.099 | G4: 100 | H4: 1800.07
A5: 8 | B5: 100 | C5: 4 | D5: =IF(F5<9999,1,0) -> 1 | E5: =IF(G5<1,1,0) -> 0 | F5: 300.605 | G5: 100 | H5: 1800.06
A6: 8 | B6: 100 | C6: 5 | D6: =IF(F6<9999,1,0) -> 1 | E6: =IF(G6<1,1,0) -> 0 | F6: 1164.12 | G6: 100 | H6: 1800.06
A7: Average | D7: =SUM(D2:D6) -> 5 | E7: =SUM(E2:E6) -> 0 | F7: =($D2*F2+$D3*F3+$D4*F4+$D5*F5+$D6*F6)/$D7 -> 651.3924 | G7: =($D2*G2+$D3*G3+$D4*G4+$D5*G5+$D6*G6)/$D7 -> 90.68514 | H7: =AVERAGE(H2:H6) -> 1800.062
A8: 8 | B8: 200 | C8: 1 | D8: =IF(F8<9999,1,0) -> 1 | E8: =IF(G8<1,1,0) -> 0 | F8: 582.193 | G8: 100 | H8: 1800.04
A9: 8 | B9: 200 | C9: 2 | D9: =IF(F9<9999,1,0) -> 1 | E9: =IF(G9<1,1,0) -> 0 | F9: 1795.89 | G9: 100 | H9: 1800.1
A10: 8 | B10: 200 | C10: 3 | D10: =IF(F10<9999,1,0) -> 1 | E10: =IF(G10<1,1,0) -> 0 | F10: 583.695 | G10: 100 | H10: 1800.1
A11: 8 | B11: 200 | C11: 4 | D11: =IF(F11<9999,1,0) -> 0 | E11: =IF(G11<1,1,0) -> 0 | F11: 20565.1 | G11: 100 | H11: 1800.12
A12: 8 | B12: 200 | C12: 5 | D12: =IF(F12<9999,1,0) -> 1 | E12: =IF(G12<1,1,0) -> 0 | F12: 1085.36 | G12: 100 | H12: 1803.46
A13: Average | D13: =SUM(D8:D12) -> 4 | E13: =SUM(E8:E12) -> 0 | F13: =($D8*F8+$D9*F9+$D10*F10+$D11*F11+$D12*F12)/$D13 -> 1011.7845 | G13: =($D8*G8+$D9*G9+$D10*G10+$D11*G11+$D12*G12)/$D13 -> 100 | H13: =AVERAGE(H8:H12) -> 1800.764
A14: 8 | B14: 300 | C14: 1 | D14: =IF(F14<9999,1,0) -> 1 | E14: =IF(G14<1,1,0) -> 0 | F14: 863.361 | G14: 100 | H14: 1800.06
A15: 8 | B15: 300 | C15: 2 | D15: =IF(F15<9999,1,0) -> 1 | E15: =IF(G15<1,1,0) -> 0 | F15: 1886.91 | G15: 100 | H15: 1800.14
A16: 8 | B16: 300 | C16: 3 | D16: =IF(F16<9999,1,0) -> 1 | E16: =IF(G16<1,1,0) -> 0 | F16: 374.288 | G16: 100 | H16: 1800.25
A17: 8 | B17: 300 | C17: 4 | D17: =IF(F17<9999,1,0) -> 0 | E17: =IF(G17<1,1,0) -> 0 | F17: 30392.9 | G17: 100 | H17: 1800.17
A18: 8 | B18: 300 | C18: 5 | D18: =IF(F18<9999,1,0) -> 1 | E18: =IF(G18<1,1,0) -> 0 | F18: 855.513 | G18: 100 | H18: 1800.06
A19: Average | D19: =SUM(D14:D18) -> 4 | E19: =SUM(E14:E18) -> 0 | F19: =($D14*F14+$D15*F15+$D16*F16+$D17*F17+$D18*F18)/$D19 -> 995.018 | G19: =($D14*G14+$D15*G15+$D16*G16+$D17*G17+$D18*G18)/$D19 -> 100 | H19: =AVERAGE(H14:H18) -> 1800.136
A20: 8 | B20: 400 | C20: 1 | D20: =IF(F20<9999,1,0) -> 1 | E20: =IF(G20<1,1,0) -> 0 | F20: 894.046 | G20: 100 | H20: 1800.13
A21: 8 | B21: 400 | C21: 2 | D21: =IF(F21<9999,1,0) -> 1 | E21: =IF(G21<1,1,0) -> 0 | F21: 1338.88 | G21: 100 | H21: 1800.34
A22: 8 | B22: 400 | C22: 3 | D22: =IF(F22<9999,1,0) -> 1 | E22: =IF(G22<1,1,0) -> 0 | F22: 359.59 | G22: 100 | H22: 1800.18
A23: 8 | B23: 400 | C23: 4 | D23: =IF(F23<9999,1,0) -> 0 | E23: =IF(G23<1,1,0) -> 0 | F23: 110645 | G23: 100 | H23: 1800.44
A24: 8 | B24: 400 | C24: 5 | D24: =IF(F24<9999,1,0) -> 1 | E24: =IF(G24<1,1,0) -> 0 | F24: 524.854 | G24: 100 | H24: 1800.16
A25: Average | D25: =SUM(D20:D24) -> 4 | E25: =SUM(E20:E24) -> 0 | F25: =($D20*F20+$D21*F21+$D22*F22+$D23*F23+$D24*F24)/$D25 -> 779.3425 | G25: =($D20*G20+$D21*G21+$D22*G22+$D23*G23+$D24*G24)/$D25 -> 100 | H25: =AVERAGE(H20:H24) -> 1800.25
A26: 8 | B26: 500 | C26: 1 | D26: =IF(F26<9999,1,0) -> 1 | E26: =IF(G26<1,1,0) -> 0 | F26: 914.707 | G26: 100 | H26: 1800.19
A27: 8 | B27: 500 | C27: 2 | D27: =IF(F27<9999,1,0) -> 1 | E27: =IF(G27<1,1,0) -> 0 | F27: 589.605 | G27: 100 | H27: 1800.17
A28: 8 | B28: 500 | C28: 3 | D28: =IF(F28<9999,1,0) -> 1 | E28: =IF(G28<1,1,0) -> 0 | F28: 1236.79 | G28: 100 | H28: 1800.24
A29: 8 | B29: 500 | C29: 4 | D29: =IF(F29<9999,1,0) -> 1 | E29: =IF(G29<1,1,0) -> 0 | F29: 892.15 | G29: 100 | H29: 1800.22
A30: 8 | B30: 500 | C30: 5 | D30: =IF(F30<9999,1,0) -> 1 | E30: =IF(G30<1,1,0) -> 0 | F30: 564.245 | G30: 100 | H30: 1803.54
A31: Average | D31: =SUM(D26:D30) -> 5 | E31: =SUM(E26:E30) -> 0 | F31: =($D26*F26+$D27*F27+$D28*F28+$D29*F29+$D30*F30)/$D31 -> 839.4994 | G31: =($D26*G26+$D27*G27+$D28*G28+$D29*G29+$D30*G30)/$D31 -> 100 | H31: =AVERAGE(H26:H30) -> 1800.872
A33: Total | D33: =SUM(D7,D13,D19,D25,D31) -> 22 | E33: =SUM(E7,E13,E19,E25,E31) -> 0 | F33: =(F7*$D7+F13*$D13+F19*$D19+F25*$D25+F31*$D31)/($D7+$D13+$D19+$D25+$D31) -> 845.41086 | G33: =(G7*$D7+G13*$D13+G19*$D19+G25*$D25+G31*$D31)/($D7+$D13+$D19+$D25+$D31) -> 97.882986 | H33: =AVERAGE(H7,H13,H19,H25,H31) -> 1800.4168

Sheet B10
A1: B | B1: S | C1: C | D1: Fsl | E1: Opt | F1: Obj | G1: Gap | H1: Time
A2: 10 | B2: 100 | C2: 1 | D2: =IF(F2<9999,1,0) -> 0 | E2: =IF(G2<1,1,0) -> 0 | F2: 40626.5 | G2: 100 | H2: 1802.59
A3: 10 | B3: 100 | C3: 2 | D3: =IF(F3<9999,1,0) -> 1 | E3: =IF(G3<1,1,0) -> 0 | F3: 1046.57 | G3: 100 | H3: 1800.15
A4: 10 | B4: 100 | C4: 3 | D4: =IF(F4<9999,1,0) -> 1 | E4: =IF(G4<1,1,0) -> 0 | F4: 475.473 | G4: 100 | H4: 1800.1
A5: 10 | B5: 100 | C5: 4 | D5: =IF(F5<9999,1,0) -> 0 | E5: =IF(G5<1,1,0) -> 0 | F5: 30437.1 | G5: 100 | H5: 1800.11
A6: 10 | B6: 100 | C6: 5 | D6: =IF(F6<9999,1,0) -> 1 | E6: =IF(G6<1,1,0) -> 0 | F6: 583.625 | G6: 100 | H6: 1800.06
A7: Average | D7: =SUM(D2:D6) -> 3 | E7: =SUM(E2:E6) -> 0 | F7: =($D2*F2+$D3*F3+$D4*F4+$D5*F5+$D6*F6)/$D7 -> 701.88933 | G7: =($D2*G2+$D3*G3+$D4*G4+$D5*G5+$D6*G6)/$D7 -> 100 | H7: =AVERAGE(H2:H6) -> 1800.602
A8: 10 | B8: 200 | C8: 1 | D8: =IF(F8<9999,1,0) -> 1 | E8: =IF(G8<1,1,0) -> 0 | F8: 1486.01 | G8: 100 | H8: 1800.13
A9: 10 | B9: 200 | C9: 2 | D9: =IF(F9<9999,1,0) -> 1 | E9: =IF(G9<1,1,0) -> 0 | F9: 333.107 | G9: 100 | H9: 1800.24
A10: 10 | B10: 200 | C10: 3 | D10: =IF(F10<9999,1,0) -> 0 | E10: =IF(G10<1,1,0) -> 0 | F10: 30538.1 | G10: 100 | H10: 1800.18
A11: 10 | B11: 200 | C11: 4 | D11: =IF(F11<9999,1,0) -> 1 | E11: =IF(G11<1,1,0) -> 0 | F11: 1075.88 | G11: 100 | H11: 1800.28
A12: 10 | B12: 200 | C12: 5 | D12: =IF(F12<9999,1,0) -> 1 | E12: =IF(G12<1,1,0) -> 0 | F12: 1294.41 | G12: 100 | H12: 1800.21
A13: Average | D13: =SUM(D8:D12) -> 4 | E13: =SUM(E8:E12) -> 0 | F13: =($D8*F8+$D9*F9+$D10*F10+$D11*F11+$D12*F12)/$D13 -> 1047.3518 | G13: =($D8*G8+$D9*G9+$D10*G10+$D11*G11+$D12*G12)/$D13 -> 100 | H13: =AVERAGE(H8:H12) -> 1800.208
A14: 10 | B14: 300 | C14: 1 | D14: =IF(F14<9999,1,0) -> 1 | E14: =IF(G14<1,1,0) -> 0 | F14: 1482.23 | G14: 100 | H14: 1804.16
A15: 10 | B15: 300 | C15: 2 | D15: =IF(F15<9999,1,0) -> 1 | E15: =IF(G15<1,1,0) -> 0 | F15: 977.962 | G15: 100 | H15: 1800.14
A16: 10 | B16: 300 | C16: 3 | D16: =IF(F16<9999,1,0) -> 0 | E16: =IF(G16<1,1,0) -> 0 | F16: 20351 | G16: 100 | H16: 1800.16
A17: 10 | B17: 300 | C17: 4 | D17: =IF(F17<9999,1,0) -> 0 | E17: =IF(G17<1,1,0) -> 0 | F17: 10816.3 | G17: 100 | H17: 1800.35
A18: 10 | B18: 300 | C18: 5 | D18: =IF(F18<9999,1,0) -> 1 | E18: =IF(G18<1,1,0) -> 0 | F18: 940.518 | G18: 100 | H18: 1800.27
A19: Average | D19: =SUM(D14:D18) -> 3 | E19: =SUM(E14:E18) -> 0 | F19: =($D14*F14+$D15*F15+$D16*F16+$D17*F17+$D18*F18)/$D19 -> 1133.57 | G19: =($D14*G14+$D15*G15+$D16*G16+$D17*G17+$D18*G18)/$D19 -> 100 | H19: =AVERAGE(H14:H18) -> 1801.016
A20: 10 | B20: 400 | C20: 1 | D20: =IF(F20<9999,1,0) -> 1 | E20: =IF(G20<1,1,0) -> 0 | F20: 1461.03 | G20: 100 | H20: 1800.25
A21: 10 | B21: 400 | C21: 2 | D21: =IF(F21<9999,1,0) -> 1 | E21: =IF(G21<1,1,0) -> 0 | F21: 1344.89 | G21: 100 | H21: 1800.23
A22: 10 | B22: 400 | C22: 3 | D22: =IF(F22<9999,1,0) -> 0 | E22: =IF(G22<1,1,0) -> 0 | F22: 11335.3 | G22: 100 | H22: 1800.31
A23: 10 | B23: 400 | C23: 4 | D23: =IF(F23<9999,1,0) -> 0 | E23: =IF(G23<1,1,0) -> 0 | F23: 20758.1 | G23: 100 | H23: 1800.4
A24: 10 | B24: 400 | C24: 5 | D24: =IF(F24<9999,1,0) -> 1 | E24: =IF(G24<1,1,0) -> 0 | F24: 617.261 | G24: 100 | H24: 1800.41
A25: Average | D25: =SUM(D20:D24) -> 3 | E25: =SUM(E20:E24) -> 0 | F25: =($D20*F20+$D21*F21+$D22*F22+$D23*F23+$D24*F24)/$D25 -> 1141.0603 | G25: =($D20*G20+$D21*G21+$D22*G22+$D23*G23+$D24*G24)/$D25 -> 100 | H25: =AVERAGE(H20:H24) -> 1800.32
A26: 10 | B26: 500 | C26: 1 | D26: =IF(F26<9999,1,0) -> 1 | E26: =IF(G26<1,1,0) -> 0 | F26: 1353.74 | G26: 100 | H26: 1800.15
A27: 10 | B27: 500 | C27: 2 | D27: =IF(F27<9999,1,0) -> 1 | E27: =IF(G27<1,1,0) -> 0 | F27: 1725.36 | G27: 100 | H27: 1800.4
A28: 10 | B28: 500 | C28: 3 | D28: =IF(F28<9999,1,0) -> 1 | E28: =IF(G28<1,1,0) -> 0 | F28: 942.517 | G28: 100 | H28: 1803.72
A29: 10 | B29: 500 | C29: 4 | D29: =IF(F29<9999,1,0) -> 1 | E29: =IF(G29<1,1,0) -> 0 | F29: 361.357 | G29: 100 | H29: 1800.5
A30: 10 | B30: 500 | C30: 5 | D30: =IF(F30<9999,1,0) -> 0 | E30: =IF(G30<1,1,0) -> 0 | F30: 20610.3 | G30: 100 | H30: 1800.42
A31: Average | D31: =SUM(D26:D30) -> 4 | E31: =SUM(E26:E30) -> 0 | F31: =($D26*F26+$D27*F27+$D28*F28+$D29*F29+$D30*F30)/$D31 -> 1095.7435 | G31: =($D26*G26+$D27*G27+$D28*G28+$D29*G29+$D30*G30)/$D31 -> 100 | H31: =AVERAGE(H26:H30) -> 1801.038
A33: Total | D33: =SUM(D7,D13,D19,D25,D31) -> 17 | E33: =SUM(E7,E13,E19,E25,E31) -> 0 | F33: =(F7*$D7+F13*$D13+F19*$D19+F25*$D25+F31*$D31)/($D7+$D13+$D19+$D25+$D31) -> 1029.5259 | G33: =(G7*$D7+G13*$D13+G19*$D19+G25*$D25+G31*$D31)/($D7+$D13+$D19+$D25+$D31) -> 100 | H33: =AVERAGE(H7,H13,H19,H25,H31) -> 1800.6368
A35: Summary | D35: =SUM('B2'!D33,'B4'!D33,'B6'!D33,'B8'!D33,'B10'!D33) -> 113 | E35: =SUM('B2'!E33,'B4'!E33,'B6'!E33,'B8'!E33,'B10'!E33) -> 63 | F35: =('B2'!F33*'B2'!D33+'B4'!F33*'B4'!D33+'B6'!F33*'B6'!D33+'B8'!F33*'B8'!D33+'B10'!F33*'B10'!D33)/'B10'!D35 -> 481.52725 | G35: =('B2'!G33*'B2'!D33+'B4'!G33*'B4'!D33+'B6'!G33*'B6'!D33+'B8'!G33*'B8'!D33+'B10'!G33*'B10'!D33)/'B10'!D35 -> 41.507917 | H35: =AVERAGE('B2'!H33,'B4'!H33,'B6'!H33,'B8'!H33,'B10'!H33) -> 925.69751
