Workbook

Sheet B2
A1: B | B1: S | C1: C | D1: Fsl | E1: Opt | F1: Obj | G1: Gap | H1: Time
A2: 2 | B2: 100 | C2: 1 | D2: =IF(F2<9999,1,0) -> 1 | E2: =IF(G2<1,1,0) -> 1 | F2: 46.237 | G2: 0 | H2: 0.067897
A3: 2 | B3: 100 | C3: 2 | D3: =IF(F3<9999,1,0) -> 1 | E3: =IF(G3<1,1,0) -> 1 | F3: 415.922 | G3: 0 | H3: 0.111851
A4: 2 | B4: 100 | C4: 3 | D4: =IF(F4<9999,1,0) -> 1 | E4: =IF(G4<1,1,0) -> 1 | F4: 120.123 | G4: 0.778955 | H4: 0.14313
A5: 2 | B5: 100 | C5: 4 | D5: =IF(F5<9999,1,0) -> 1 | E5: =IF(G5<1,1,0) -> 1 | F5: 78.3933 | G5: 0 | H5: 0.054645
A6: 2 | B6: 100 | C6: 5 | D6: =IF(F6<9999,1,0) -> 1 | E6: =IF(G6<1,1,0) -> 1 | F6: 152.579 | G6: 0 | H6: 0.14523
A7: Average | D7: =SUM(D2:D6) -> 5 | E7: =SUM(E2:E6) -> 5 | F7: =($D2*F2+$D3*F3+$D4*F4+$D5*F5+$D6*F6)/$D7 -> 162.65086 | G7: =($D2*G2+$D3*G3+$D4*G4+$D5*G5+$D6*G6)/$D7 -> 0.155791 | H7: =AVERAGE(H2:H6) -> 0.1045506
A8: 2 | B8: 200 | C8: 1 | D8: =IF(F8<9999,1,0) -> 1 | E8: =IF(G8<1,1,0) -> 1 | F8: 58.2172 | G8: 0 | H8: 0.151333
A9: 2 | B9: 200 | C9: 2 | D9: =IF(F9<9999,1,0) -> 1 | E9: =IF(G9<1,1,0) -> 1 | F9: 206.283 | G9: 0 | H9: 0.156446
A10: 2 | B10: 200 | C10: 3 | D10: =IF(F10<9999,1,0) -> 1 | E10: =IF(G10<1,1,0) -> 1 | F10: 98.6311 | G10: 0 | H10: 0.126933
A11: 2 | B11: 200 | C11: 4 | D11: =IF(F11<9999,1,0) -> 1 | E11: =IF(G11<1,1,0) -> 1 | F11: 109.211 | G11: 0.657196 | H11: 0.33697
A12: 2 | B12: 200 | C12: 5 | D12: =IF(F12<9999,1,0) -> 1 | E12: =IF(G12<1,1,0) -> 1 | F12: 85.648 | G12: 0.385555 | H12: 0.159641
A13: Average | D13: =SUM(D8:D12) -> 5 | E13: =SUM(E8:E12) -> 5 | F13: =($D8*F8+$D9*F9+$D10*F10+$D11*F11+$D12*F12)/$D13 -> 111.59806 | G13: =($D8*G8+$D9*G9+$D10*G10+$D11*G11+$D12*G12)/$D13 -> 0.2085502 | H13: =AVERAGE(H8:H12) -> 0.1862646
A14: 2 | B14: 300 | C14: 1 | D14: =IF(F14<9999,1,0) -> 1 | E14: =IF(G14<1,1,0) -> 1 | F14: 44.0738 | G14: 0 | H14: 0.379144
A15: 2 | B15: 300 | C15: 2 | D15: =IF(F15<9999,1,0) -> 1 | E15: =IF(G15<1,1,0) -> 1 | F15: 109.751 | G15: 0.268753 | H15: 0.456562
A16: 2 | B16: 300 | C16: 3 | D16: =IF(F16<9999,1,0) -> 1 | E16: =IF(G16<1,1,0) -> 1 | F16: 125.719 | G16: 0.8711 | H16: 0.392048
A17: 2 | B17: 300 | C17: 4 | D17: =IF(F17<9999,1,0) -> 1 | E17: =IF(G17<1,1,0) -> 1 | F17: 96.9212 | G17: 0.313724 | H17: 0.186251
A18: 2 | B18: 300 | C18: 5 | D18: =IF(F18<9999,1,0) -> 1 | E18: =IF(G18<1,1,0) -> 1 | F18: 93.4532 | G18: 0.793863 | H18: 0.297369
A19: Average | D19: =SUM(D14:D18) -> 5 | E19: =SUM(E14:E18) -> 5 | F19: =($D14*F14+$D15*F15+$D16*F16+$D17*F17+$D18*F18)/$D19 -> 93.98364 | G19: =($D14*G14+$D15*G15+$D16*G16+$D17*G17+$D18*G18)/$D19 -> 0.449488 | H19: =AVERAGE(H14:H18) -> 0.3422748
A20: 2 | B20: 400 | C20: 1 | D20: =IF(F20<9999,1,0) -> 1 | E20: =IF(G20<1,1,0) -> 1 | F20: 121.708 | G20: 0 | H20: 0.583306
A21: 2 | B21: 400 | C21: 2 | D21: =IF(F21<9999,1,0) -> 1 | E21: =IF(G21<1,1,0) -> 1 | F21: 213.237 | G21: 0 | H21: 0.267045
A22: 2 | B22: 400 | C22: 3 | D22: =IF(F22<9999,1,0) -> 1 | E22: =IF(G22<1,1,0) -> 1 | F22: 142.119 | G22: 0 | H22: 0.412107
A23: 2 | B23: 400 | C23: 4 | D23: =IF(F23<9999,1,0) -> 1 | E23: =IF(G23<1,1,0) -> 1 | F23: 38.9152 | G23: 0 | H23: 0.252307
A24: 2 | B24: 400 | C24: 5 | D24: =IF(F24<9999,1,0) -> 1 | E24: =IF(G24<1,1,0) -> 1 | F24: 95.0598 | G24: 0 | H24: 0.277252
A25: Average | D25: =SUM(D20:D24) -> 5 | E25: =SUM(E20:E24) -> 5 | F25: =($D20*F20+$D21*F21+$D22*F22+$D23*F23+$D24*F24)/$D25 -> 122.2078 | G25: =($D20*G20+$D21*G21+$D22*G22+$D23*G23+$D24*G24)/$D25 -> 0 | H25: =AVERAGE(H20:H24) -> 0.3584034
A26: 2 | B26: 500 | C26: 1 | D26: =IF(F26<9999,1,0) -> 1 | E26: =IF(G26<1,1,0) -> 1 | F26: 168.66 | G26: 0 | H26: 0.404253
A27: 2 | B27: 500 | C27: 2 | D27: =IF(F27<9999,1,0) -> 1 | E27: =IF(G27<1,1,0) -> 1 | F27: 222.354 | G27: 0 | H27: 0.455368
A28: 2 | B28: 500 | C28: 3 | D28: =IF(F28<9999,1,0) -> 1 | E28: =IF(G28<1,1,0) -> 1 | F28: 154.208 | G28: 0 | H28: 4.35304
A29: 2 | B29: 500 | C29: 4 | D29: =IF(F29<9999,1,0) -> 1 | E29: =IF(G29<1,1,0) -> 1 | F29: 366.652 | G29: 0 | H29: 1.00656
A30: 2 | B30: 500 | C30: 5 | D30: =IF(F30<9999,1,0) -> 1 | E30: =IF(G30<1,1,0) -> 1 | F30: 118.245 | G30: 0 | H30: 1.1747
A31: Average | D31: =SUM(D26:D30) -> 5 | E31: =SUM(E26:E30) -> 5 | F31: =($D26*F26+$D27*F27+$D28*F28+$D29*F29+$D30*F30)/$D31 -> 206.0238 | G31: =($D26*G26+$D27*G27+$D28*G28+$D29*G29+$D30*G30)/$D31 -> 0 | H31: =AVERAGE(H26:H30) -> 1.4787842
A33: Total | D33: =SUM(D7,D13,D19,D25,D31) -> 25 | E33: =SUM(E7,E13,E19,E25,E31) -> 25 | F33: =(F7*$D7+F13*$D13+F19*$D19+F25*$D25+F31*$D31)/($D7+$D13+$D19+$D25+$D31) -> 139.29283 | G33: =(G7*$D7+G13*$D13+G19*$D19+G25*$D25+G31*$D31)/($D7+$D13+$D19+$D25+$D31) -> 0.16276584 | H33: =AVERAGE(H7,H13,H19,H25,H31) -> 0.49405552

Sheet B4
A1: B | B1: S | C1: C | D1: Fsl | E1: Opt | F1: Obj | G1: Gap | H1: Time
A2: 4 | B2: 100 | C2: 1 | D2: =IF(F2<9999,1,0) -> 1 | E2: =IF(G2<1,1,0) -> 1 | F2: 108.773 | G2: 0.0276241 | H2: 0.399715
A3: 4 | B3: 100 | C3: 2 | D3: =IF(F3<9999,1,0) -> 1 | E3: =IF(G3<1,1,0) -> 1 | F3: 156.272 | G3: 0.894171 | H3: 0.683624
A4: 4 | B4: 100 | C4: 3 | D4: =IF(F4<9999,1,0) -> 1 | E4: =IF(G4<1,1,0) -> 1 | F4: 232.415 | G4: 0.987197 | H4: 9.37679
A5: 4 | B5: 100 | C5: 4 | D5: =IF(F5<9999,1,0) -> 1 | E5: =IF(G5<1,1,0) -> 1 | F5: 327.876 | G5: 0.984776 | H5: 8.6674
A6: 4 | B6: 100 | C6: 5 | D6: =IF(F6<9999,1,0) -> 1 | E6: =IF(G6<1,1,0) -> 1 | F6: 245.948 | G6: 0.466775 | H6: 0.548908
A7: Average | D7: =SUM(D2:D6) -> 5 | E7: =SUM(E2:E6) -> 5 | F7: =($D2*F2+$D3*F3+$D4*F4+$D5*F5+$D6*F6)/$D7 -> 214.2568 | G7: =($D2*G2+$D3*G3+$D4*G4+$D5*G5+$D6*G6)/$D7 -> 0.67210862 | H7: =AVERAGE(H2:H6) -> 3.9352874
A8: 4 | B8: 200 | C8: 1 | D8: =IF(F8<9999,1,0) -> 1 | E8: =IF(G8<1,1,0) -> 1 | F8: 214.699 | G8: 0.591865 | H8: 1.50389
A9: 4 | B9: 200 | C9: 2 | D9: =IF(F9<9999,1,0) -> 1 | E9: =IF(G9<1,1,0) -> 1 | F9: 184.521 | G9: 0.470041 | H9: 2.18594
A10: 4 | B10: 200 | C10: 3 | D10: =IF(F10<9999,1,0) -> 1 | E10: =IF(G10<1,1,0) -> 1 | F10: 198.575 | G10: 0.984125 | H10: 6.69183
A11: 4 | B11: 200 | C11: 4 | D11: =IF(F11<9999,1,0) -> 1 | E11: =IF(G11<1,1,0) -> 1 | F11: 282.863 | G11: 0.752262 | H11: 1.33664
A12: 4 | B12: 200 | C12: 5 | D12: =IF(F12<9999,1,0) -> 1 | E12: =IF(G12<1,1,0) -> 1 | F12: 112.386 | G12: 0 | H12: 0.677436
A13: Average | D13: =SUM(D8:D12) -> 5 | E13: =SUM(E8:E12) -> 5 | F13: =($D8*F8+$D9*F9+$D10*F10+$D11*F11+$D12*F12)/$D13 -> 198.6088 | G13: =($D8*G8+$D9*G9+$D10*G10+$D11*G11+$D12*G12)/$D13 -> 0.5596586 | H13: =AVERAGE(H8:H12) -> 2.4791472
A14: 4 | B14: 300 | C14: 1 | D14: =IF(F14<9999,1,0) -> 1 | E14: =IF(G14<1,1,0) -> 1 | F14: 154.45 | G14: 0.641451 | H14: 1.09306
A15: 4 | B15: 300 | C15: 2 | D15: =IF(F15<9999,1,0) -> 1 | E15: =IF(G15<1,1,0) -> 1 | F15: 177.09 | G15: 0.455786 | H15: 1.27402
A16: 4 | B16: 300 | C16: 3 | D16: =IF(F16<9999,1,0) -> 1 | E16: =IF(G16<1,1,0) -> 1 | F16: 202.249 | G16: 0.449387 | H16: 3.78103
A17: 4 | B17: 300 | C17: 4 | D17: =IF(F17<9999,1,0) -> 1 | E17: =IF(G17<1,1,0) -> 1 | F17: 144.682 | G17: 0.300122 | H17: 0.806114
A18: 4 | B18: 300 | C18: 5 | D18: =IF(F18<9999,1,0) -> 1 | E18: =IF(G18<1,1,0) -> 1 | F18: 148.899 | G18: 0.968747 | H18: 83.0866
A19: Average | D19: =SUM(D14:D18) -> 5 | E19: =SUM(E14:E18) -> 5 | F19: =($D14*F14+$D15*F15+$D16*F16+$D17*F17+$D18*F18)/$D19 -> 165.474 | G19: =($D14*G14+$D15*G15+$D16*G16+$D17*G17+$D18*G18)/$D19 -> 0.5630986 | H19: =AVERAGE(H14:H18) -> 18.008165
A20: 4 | B20: 400 | C20: 1 | D20: =IF(F20<9999,1,0) -> 1 | E20: =IF(G20<1,1,0) -> 1 | F20: 120.285 | G20: 0.434014 | H20: 0.93312
A21: 4 | B21: 400 | C21: 2 | D21: =IF(F21<9999,1,0) -> 1 | E21: =IF(G21<1,1,0) -> 1 | F21: 439.549 | G21: 0.119054 | H21: 1.85181
A22: 4 | B22: 400 | C22: 3 | D22: =IF(F22<9999,1,0) -> 1 | E22: =IF(G22<1,1,0) -> 1 | F22: 258.951 | G22: 0.183007 | H22: 1.86988
A23: 4 | B23: 400 | C23: 4 | D23: =IF(F23<9999,1,0) -> 1 | E23: =IF(G23<1,1,0) -> 1 | F23: 166.988 | G23: 0.806654 | H23: 2.71095
A24: 4 | B24: 400 | C24: 5 | D24: =IF(F24<9999,1,0) -> 1 | E24: =IF(G24<1,1,0) -> 1 | F24: 147.564 | G24: 0.993446 | H24: 31.6632
A25: Average | D25: =SUM(D20:D24) -> 5 | E25: =SUM(E20:E24) -> 5 | F25: =($D20*F20+$D21*F21+$D22*F22+$D23*F23+$D24*F24)/$D25 -> 226.6674 | G25: =($D20*G20+$D21*G21+$D22*G22+$D23*G23+$D24*G24)/$D25 -> 0.507235 | H25: =AVERAGE(H20:H24) -> 7.805792
A26: 4 | B26: 500 | C26: 1 | D26: =IF(F26<9999,1,0) -> 1 | E26: =IF(G26<1,1,0) -> 1 | F26: 371.593 | G26: 0.93476 | H26: 13.2878
A27: 4 | B27: 500 | C27: 2 | D27: =IF(F27<9999,1,0) -> 1 | E27: =IF(G27<1,1,0) -> 1 | F27: 249.446 | G27: 0.413176 | H27: 2.83769
A28: 4 | B28: 500 | C28: 3 | D28: =IF(F28<9999,1,0) -> 1 | E28: =IF(G28<1,1,0) -> 1 | F28: 155.715 | G28: 0.499324 | H28: 2.68382
A29: 4 | B29: 500 | C29: 4 | D29: =IF(F29<9999,1,0) -> 1 | E29: =IF(G29<1,1,0) -> 1 | F29: 214.089 | G29: 0.98513 | H29: 9.48436
A30: 4 | B30: 500 | C30: 5 | D30: =IF(F30<9999,1,0) -> 1 | E30: =IF(G30<1,1,0) -> 1 | F30: 187.646 | G30: 0.783035 | H30: 1.59699
A31: Average | D31: =SUM(D26:D30) -> 5 | E31: =SUM(E26:E30) -> 5 | F31: =($D26*F26+$D27*F27+$D28*F28+$D29*F29+$D30*F30)/$D31 -> 235.6978 | G31: =($D26*G26+$D27*G27+$D28*G28+$D29*G29+$D30*G30)/$D31 -> 0.723085 | H31: =AVERAGE(H26:H30) -> 5.978132
A33: Total | D33: =SUM(D7,D13,D19,D25,D31) -> 25 | E33: =SUM(E7,E13,E19,E25,E31) -> 25 | F33: =(F7*$D7+F13*$D13+F19*$D19+F25*$D25+F31*$D31)/($D7+$D13+$D19+$D25+$D31) -> 208.14096 | G33: =(G7*$D7+G13*$D13+G19*$D19+G25*$D25+G31*$D31)/($D7+$D13+$D19+$D25+$D31) -> 0.60503716 | H33: =AVERAGE(H7,H13,H19,H25,H31) -> 7.6413047

Sheet B6
A1: B | B1: S | C1: C | D1: Fsl | E1: Opt | F1: Obj | G1: Gap | H1: Time
A2: 6 | B2: 100 | C2: 1 | D2: =IF(F2<9999,1,0) -> 1 | E2: =IF(G2<1,1,0) -> 1 | F2: 370.912 | G2: 0.998998 | H2: 128.102
A3: 6 | B3: 100 | C3: 2 | D3: =IF(F3<9999,1,0) -> 1 | E3: =IF(G3<1,1,0) -> 1 | F3: 282.361 | G3: 0.369246 | H3: 1.02253
A4: 6 | B4: 100 | C4: 3 | D4: =IF(F4<9999,1,0) -> 1 | E4: =IF(G4<1,1,0) -> 1 | F4: 480.87 | G4: 0.415659 | H4: 3.49413
A5: 6 | B5: 100 | C5: 4 | D5: =IF(F5<9999,1,0) -> 1 | E5: =IF(G5<1,1,0) -> 1 | F5: 266.669 | G5: 0.560805 | H5: 1.25683
A6: 6 | B6: 100 | C6: 5 | D6: =IF(F6<9999,1,0) -> 1 | E6: =IF(G6<1,1,0) -> 1 | F6: 430.261 | G6: 0.815495 | H6: 174.097
A7: Average | D7: =SUM(D2:D6) -> 5 | E7: =SUM(E2:E6) -> 5 | F7: =($D2*F2+$D3*F3+$D4*F4+$D5*F5+$D6*F6)/$D7 -> 366.2146 | G7: =($D2*G2+$D3*G3+$D4*G4+$D5*G5+$D6*G6)/$D7 -> 0.6320406 | H7: =AVERAGE(H2:H6) -> 61.594498
A8: 6 | B8: 200 | C8: 1 | D8: =IF(F8<9999,1,0) -> 1 | E8: =IF(G8<1,1,0) -> 1 | F8: 553.509 | G8: 0.998353 | H8: 4.81762
A9: 6 | B9: 200 | C9: 2 | D9: =IF(F9<9999,1,0) -> 1 | E9: =IF(G9<1,1,0) -> 1 | F9: 394.681 | G9: 0.977136 | H9: 4.26421
A10: 6 | B10: 200 | C10: 3 | D10: =IF(F10<9999,1,0) -> 1 | E10: =IF(G10<1,1,0) -> 1 | F10: 238.208 | G10: 0.900619 | H10: 83.3796
A11: 6 | B11: 200 | C11: 4 | D11: =IF(F11<9999,1,0) -> 1 | E11: =IF(G11<1,1,0) -> 0 | F11: 836.481 | G11: 100 | H11: 1800.01
A12: 6 | B12: 200 | C12: 5 | D12: =IF(F12<9999,1,0) -> 1 | E12: =IF(G12<1,1,0) -> 1 | F12: 232.599 | G12: 0.871146 | H12: 4.50635
A13: Average | D13: =SUM(D8:D12) -> 5 | E13: =SUM(E8:E12) -> 4 | F13: =($D8*F8+$D9*F9+$D10*F10+$D11*F11+$D12*F12)/$D13 -> 451.0956 | G13: =($D8*G8+$D9*G9+$D10*G10+$D11*G11+$D12*G12)/$D13 -> 20.749451 | H13: =AVERAGE(H8:H12) -> 379.39556
A14: 6 | B14: 300 | C14: 1 | D14: =IF(F14<9999,1,0) -> 1 | E14: =IF(G14<1,1,0) -> 0 | F14: 661.335 | G14: 100 | H14: 1801.76
A15: 6 | B15: 300 | C15: 2 | D15: =IF(F15<9999,1,0) -> 1 | E15: =IF(G15<1,1,0) -> 1 | F15: 258.217 | G15: 0.782947 | H15: 17.1796
A16: 6 | B16: 300 | C16: 3 | D16: =IF(F16<9999,1,0) -> 1 | E16: =IF(G16<1,1,0) -> 1 | F16: 193.721 | G16: 0.363193 | H16: 4.14399
A17: 6 | B17: 300 | C17: 4 | D17: =IF(F17<9999,1,0) -> 1 | E17: =IF(G17<1,1,0) -> 1 | F17: 321.559 | G17: 0.999462 | H17: 1522.32
A18: 6 | B18: 300 | C18: 5 | D18: =IF(F18<9999,1,0) -> 1 | E18: =IF(G18<1,1,0) -> 1 | F18: 368.813 | G18: 0.997961 | H18: 12.4002
A19: Average | D19: =SUM(D14:D18) -> 5 | E19: =SUM(E14:E18) -> 4 | F19: =($D14*F14+$D15*F15+$D16*F16+$D17*F17+$D18*F18)/$D19 -> 360.729 | G19: =($D14*G14+$D15*G15+$D16*G16+$D17*G17+$D18*G18)/$D19 -> 20.628713 | H19: =AVERAGE(H14:H18) -> 671.56076
A20: 6 | B20: 400 | C20: 1 | D20: =IF(F20<9999,1,0) -> 1 | E20: =IF(G20<1,1,0) -> 1 | F20: 343.48 | G20: 0.762908 | H20: 53.9232
A21: 6 | B21: 400 | C21: 2 | D21: =IF(F21<9999,1,0) -> 1 | E21: =IF(G21<1,1,0) -> 0 | F21: 382.111 | G21: 1.06143 | H21: 1800.11
A22: 6 | B22: 400 | C22: 3 | D22: =IF(F22<9999,1,0) -> 1 | E22: =IF(G22<1,1,0) -> 1 | F22: 299.013 | G22: 0.400865 | H22: 3.99063
A23: 6 | B23: 400 | C23: 4 | D23: =IF(F23<9999,1,0) -> 1 | E23: =IF(G23<1,1,0) -> 1 | F23: 246.807 | G23: 0.985344 | H23: 54.5212
A24: 6 | B24: 400 | C24: 5 | D24: =IF(F24<9999,1,0) -> 1 | E24: =IF(G24<1,1,0) -> 1 | F24: 293.105 | G24: 0.74627 | H24: 1043.88
A25: Average | D25: =SUM(D20:D24) -> 5 | E25: =SUM(E20:E24) -> 4 | F25: =($D20*F20+$D21*F21+$D22*F22+$D23*F23+$D24*F24)/$D25 -> 312.9032 | G25: =($D20*G20+$D21*G21+$D22*G22+$D23*G23+$D24*G24)/$D25 -> 0.7913634 | H25: =AVERAGE(H20:H24) -> 591.28501
A26: 6 | B26: 500 | C26: 1 | D26: =IF(F26<9999,1,0) -> 1 | E26: =IF(G26<1,1,0) -> 1 | F26: 169.902 | G26: 0.928462 | H26: 14.3303
A27: 6 | B27: 500 | C27: 2 | D27: =IF(F27<9999,1,0) -> 1 | E27: =IF(G27<1,1,0) -> 1 | F27: 296.607 | G27: 0.979827 | H27: 67.9616
A28: 6 | B28: 500 | C28: 3 | D28: =IF(F28<9999,1,0) -> 1 | E28: =IF(G28<1,1,0) -> 1 | F28: 316.302 | G28: 0.40971 | H28: 279.237
A29: 6 | B29: 500 | C29: 4 | D29: =IF(F29<9999,1,0) -> 1 | E29: =IF(G29<1,1,0) -> 1 | F29: 205.099 | G29: 0.576637 | H29: 96.4044
A30: 6 | B30: 500 | C30: 5 | D30: =IF(F30<9999,1,0) -> 0 | E30: =IF(G30<1,1,0) -> 0 | F30: 20429.1 | G30: 100 | H30: 1802.72
A31: Average | D31: =SUM(D26:D30) -> 4 | E31: =SUM(E26:E30) -> 4 | F31: =($D26*F26+$D27*F27+$D28*F28+$D29*F29+$D30*F30)/$D31 -> 246.9775 | G31: =($D26*G26+$D27*G27+$D28*G28+$D29*G29+$D30*G30)/$D31 -> 0.723659 | H31: =AVERAGE(H26:H30) -> 452.13066
A33: Total | D33: =SUM(D7,D13,D19,D25,D31) -> 24 | E33: =SUM(E7,E13,E19,E25,E31) -> 21 | F33: =(F7*$D7+F13*$D13+F19*$D19+F25*$D25+F31*$D31)/($D7+$D13+$D19+$D25+$D31) -> 351.77592 | G33: =(G7*$D7+G13*$D13+G19*$D19+G25*$D25+G31*$D31)/($D7+$D13+$D19+$D25+$D31) -> 9.037603 | H33: =AVERAGE(H7,H13,H19,H25,H31) -> 431.1933

Sheet B8
A1: B | B1: S | C1: C | D1: Fsl | E1: Opt | F1: Obj | G1: Gap | H1: Time
A2: 8 | B2: 100 | C2: 1 | D2: =IF(F2<9999,1,0) -> 1 | E2: =IF(G2<1,1,0) -> 1 | F2: 313.67 | G2: 0.936873 | H2: 121.009
A3: 8 | B3: 100 | C3: 2 | D3: =IF(F3<9999,1,0) -> 1 | E3: =IF(G3<1,1,0) -> 0 | F3: 513.748 | G3: 100 | H3: 1800.33
A4: 8 | B4: 100 | C4: 3 | D4: =IF(F4<9999,1,0) -> 1 | E4: =IF(G4<1,1,0) -> 0 | F4: 961.099 | G4: 100 | H4: 1802.59
A5: 8 | B5: 100 | C5: 4 | D5: =IF(F5<9999,1,0) -> 1 | E5: =IF(G5<1,1,0) -> 1 | F5: 295.182 | G5: 0.313954 | H5: 189.367
A6: 8 | B6: 100 | C6: 5 | D6: =IF(F6<9999,1,0) -> 1 | E6: =IF(G6<1,1,0) -> 0 | F6: 1164.12 | G6: 100 | H6: 1800.14
A7: Average | D7: =SUM(D2:D6) -> 5 | E7: =SUM(E2:E6) -> 2 | F7: =($D2*F2+$D3*F3+$D4*F4+$D5*F5+$D6*F6)/$D7 -> 649.5638 | G7: =($D2*G2+$D3*G3+$D4*G4+$D5*G5+$D6*G6)/$D7 -> 60.250165 | H7: =AVERAGE(H2:H6) -> 1142.6872
A8: 8 | B8: 200 | C8: 1 | D8: =IF(F8<9999,1,0) -> 1 | E8: =IF(G8<1,1,0) -> 0 | F8: 582.193 | G8: 100 | H8: 1800.1
A9: 8 | B9: 200 | C9: 2 | D9: =IF(F9<9999,1,0) -> 1 | E9: =IF(G9<1,1,0) -> 0 | F9: 1795.89 | G9: 100 | H9: 1804.49
A10: 8 | B10: 200 | C10: 3 | D10: =IF(F10<9999,1,0) -> 1 | E10: =IF(G10<1,1,0) -> 1 | F10: 537.705 | G10: 0.598243 | H10: 287.766
A11: 8 | B11: 200 | C11: 4 | D11: =IF(F11<9999,1,0) -> 0 | E11: =IF(G11<1,1,0) -> 0 | F11: 20565.1 | G11: 100 | H11: 1800.43
A12: 8 | B12: 200 | C12: 5 | D12: =IF(F12<9999,1,0) -> 1 | E12: =IF(G12<1,1,0) -> 0 | F12: 1085.36 | G12: 100 | H12: 1803
A13: Average | D13: =SUM(D8:D12) -> 4 | E13: =SUM(E8:E12) -> 1 | F13: =($D8*F8+$D9*F9+$D10*F10+$D11*F11+$D12*F12)/$D13 -> 1000.287 | G13: =($D8*G8+$D9*G9+$D10*G10+$D11*G11+$D12*G12)/$D13 -> 75.149561 | H13: =AVERAGE(H8:H12) -> 1499.1572
A14: 8 | B14: 300 | C14: 1 | D14: =IF(F14<9999,1,0) -> 1 | E14: =IF(G14<1,1,0) -> 0 | F14: 863.361 | G14: 100 | H14: 1800.08
A15: 8 | B15: 300 | C15: 2 | D15: =IF(F15<9999,1,0) -> 1 | E15: =IF(G15<1,1,0) -> 0 | F15: 1886.91 | G15: 100 | H15: 1803.56
A16: 8 | B16: 300 | C16: 3 | D16: =IF(F16<9999,1,0) -> 1 | E16: =IF(G16<1,1,0) -> 1 | F16: 374.378 | G16: 0.949964 | H16: 1606.14
A17: 8 | B17: 300 | C17: 4 | D17: =IF(F17<9999,1,0) -> 0 | E17: =IF(G17<1,1,0) -> 0 | F17: 30392.9 | G17: 100 | H17: 1804.53
A18: 8 | B18: 300 | C18: 5 | D18: =IF(F18<9999,1,0) -> 1 | E18: =IF(G18<1,1,0) -> 0 | F18: 855.513 | G18: 100 | H18: 1802.88
A19: Average | D19: =SUM(D14:D18) -> 4 | E19: =SUM(E14:E18) -> 1 | F19: =($D14*F14+$D15*F15+$D16*F16+$D17*F17+$D18*F18)/$D19 -> 995.0405 | G19: =($D14*G14+$D15*G15+$D16*G16+$D17*G17+$D18*G18)/$D19 -> 75.237491 | H19: =AVERAGE(H14:H18) -> 1763.438
A20: 8 | B20: 400 | C20: 1 | D20: =IF(F20<9999,1,0) -> 1 | E20: =IF(G20<1,1,0) -> 0 | F20: 894.046 | G20: 100 | H20: 1804.36
A21: 8 | B21: 400 | C21: 2 | D21: =IF(F21<9999,1,0) -> 1 | E21: =IF(G21<1,1,0) -> 0 | F21: 1338.88 | G21: 100 | H21: 1802.12
A22: 8 | B22: 400 | C22: 3 | D22: =IF(F22<9999,1,0) -> 1 | E22: =IF(G22<1,1,0) -> 0 | F22: 359.59 | G22: 100 | H22: 1802
A23: 8 | B23: 400 | C23: 4 | D23: =IF(F23<9999,1,0) -> 0 | E23: =IF(G23<1,1,0) -> 0 | F23: 110645 | G23: 100 | H23: 1805.04
A24: 8 | B24: 400 | C24: 5 | D24: =IF(F24<9999,1,0) -> 1 | E24: =IF(G24<1,1,0) -> 0 | F24: 524.854 | G24: 100 | H24: 1802.26
A25: Average | D25: =SUM(D20:D24) -> 4 | E25: =SUM(E20:E24) -> 0 | F25: =($D20*F20+$D21*F21+$D22*F22+$D23*F23+$D24*F24)/$D25 -> 779.3425 | G25: =($D20*G20+$D21*G21+$D22*G22+$D23*G23+$D24*G24)/$D25 -> 100 | H25: =AVERAGE(H20:H24) -> 1803.156
A26: 8 | B26: 500 | C26: 1 | D26: =IF(F26<9999,1,0) -> 1 | E26: =IF(G26<1,1,0) -> 0 | F26: 914.707 | G26: 100 | H26: 1803.39
A27: 8 | B27: 500 | C27: 2 | D27: =IF(F27<9999,1,0) -> 1 | E27: =IF(G27<1,1,0) -> 0 | F27: 589.605 | G27: 100 | H27: 1803.64
A28: 8 | B28: 500 | C28: 3 | D28: =IF(F28<9999,1,0) -> 1 | E28: =IF(G28<1,1,0) -> 0 | F28: 1236.79 | G28: 100 | H28: 1800.19
A29: 8 | B29: 500 | C29: 4 | D29: =IF(F29<9999,1,0) -> 1 | E29: =IF(G29<1,1,0) -> 0 | F29: 892.15 | G29: 100 | H29: 1801.72
A30: 8 | B30: 500 | C30: 5 | D30: =IF(F30<9999,1,0) -> 1 | E30: =IF(G30<1,1,0) -> 0 | F30: 564.245 | G30: 100 | H30: 1804.43
A31: Average | D31: =SUM(D26:D30) -> 5 | E31: =SUM(E26:E30) -> 0 | F31: =($D26*F26+$D27*F27+$D28*F28+$D29*F29+$D30*F30)/$D31 -> 839.4994 | G31: =($D26*G26+$D27*G27+$D28*G28+$D29*G29+$D30*G30)/$D31 -> 100 | H31: =AVERAGE(H26:H30) -> 1802.674
A33: Total | D33: =SUM(D7,D13,D19,D25,D31) -> 22 | E33: =SUM(E7,E13,E19,E25,E31) -> 4 | F33: =(F7*$D7+F13*$D13+F19*$D19+F25*$D25+F31*$D31)/($D7+$D13+$D19+$D25+$D31) -> 842.90891 | G33: =(G7*$D7+G13*$D13+G19*$D19+G25*$D25+G31*$D31)/($D7+$D13+$D19+$D25+$D31) -> 81.945411 | H33: =AVERAGE(H7,H13,H19,H25,H31) -> 1602.2225

Sheet B10
A1: B | B1: S | C1: C | D1: Fsl | E1: Opt | F1: Obj | G1: Gap | H1: Time
A2: 10 | B2: 100 | C2: 1 | D2: =IF(F2<9999,1,0) -> 0 | E2: =IF(G2<1,1,0) -> 0 | F2: 40626.5 | G2: 100 | H2: 1802.76
A3: 10 | B3: 100 | C3: 2 | D3: =IF(F3<9999,1,0) -> 1 | E3: =IF(G3<1,1,0) -> 0 | F3: 1046.57 | G3: 100 | H3: 1803.41
A4: 10 | B4: 100 | C4: 3 | D4: =IF(F4<9999,1,0) -> 1 | E4: =IF(G4<1,1,0) -> 0 | F4: 475.473 | G4: 100 | H4: 1803.34
A5: 10 | B5: 100 | C5: 4 | D5: =IF(F5<9999,1,0) -> 0 | E5: =IF(G5<1,1,0) -> 0 | F5: 30437.1 | G5: 100 | H5: 1803.75
A6: 10 | B6: 100 | C6: 5 | D6: =IF(F6<9999,1,0) -> 1 | E6: =IF(G6<1,1,0) -> 0 | F6: 583.625 | G6: 100 | H6: 1802.87
A7: Average | D7: =SUM(D2:D6) -> 3 | E7: =SUM(E2:E6) -> 0 | F7: =($D2*F2+$D3*F3+$D4*F4+$D5*F5+$D6*F6)/$D7 -> 701.88933 | G7: =($D2*G2+$D3*G3+$D4*G4+$D5*G5+$D6*G6)/$D7 -> 100 | H7: =AVERAGE(H2:H6) -> 1803.226
A8: 10 | B8: 200 | C8: 1 | D8: =IF(F8<9999,1,0) -> 1 | E8: =IF(G8<1,1,0) -> 0 | F8: 1486.01 | G8: 100 | H8: 1800.41
A9: 10 | B9: 200 | C9: 2 | D9: =IF(F9<9999,1,0) -> 1 | E9: =IF(G9<1,1,0) -> 0 | F9: 333.107 | G9: 100 | H9: 1802.19
A10: 10 | B10: 200 | C10: 3 | D10: =IF(F10<9999,1,0) -> 0 | E10: =IF(G10<1,1,0) -> 0 | F10: 30538.1 | G10: 100 | H10: 1803.42
A11: 10 | B11: 200 | C11: 4 | D11: =IF(F11<9999,1,0) -> 1 | E11: =IF(G11<1,1,0) -> 0 | F11: 1075.88 | G11: 100 | H11: 1802.8
A12: 10 | B12: 200 | C12: 5 | D12: =IF(F12<9999,1,0) -> 1 | E12: =IF(G12<1,1,0) -> 0 | F12: 1294.41 | G12: 100 | H12: 1801.6
A13: Average | D13: =SUM(D8:D12) -> 4 | E13: =SUM(E8:E12) -> 0 | F13: =($D8*F8+$D9*F9+$D10*F10+$D11*F11+$D12*F12)/$D13 -> 1047.3518 | G13: =($D8*G8+$D9*G9+$D10*G10+$D11*G11+$D12*G12)/$D13 -> 100 | H13: =AVERAGE(H8:H12) -> 1802.084
A14: 10 | B14: 300 | C14: 1 | D14: =IF(F14<9999,1,0) -> 1 | E14: =IF(G14<1,1,0) -> 0 | F14: 1482.23 | G14: 100 | H14: 1800.35
A15: 10 | B15: 300 | C15: 2 | D15: =IF(F15<9999,1,0) -> 1 | E15: =IF(G15<1,1,0) -> 0 | F15: 977.962 | G15: 100 | H15: 1803.13
A16: 10 | B16: 300 | C16: 3 | D16: =IF(F16<9999,1,0) -> 0 | E16: =IF(G16<1,1,0) -> 0 | F16: 20351 | G16: 100 | H16: 1805.1
A17: 10 | B17: 300 | C17: 4 | D17: =IF(F17<9999,1,0) -> 0 | E17: =IF(G17<1,1,0) -> 0 | F17: 10816.3 | G17: 100 | H17: 1801.91
A18: 10 | B18: 300 | C18: 5 | D18: =IF(F18<9999,1,0) -> 1 | E18: =IF(G18<1,1,0) -> 0 | F18: 940.518 | G18: 100 | H18: 1800.29
A19: Average | D19: =SUM(D14:D18) -> 3 | E19: =SUM(E14:E18) -> 0 | F19: =($D14*F14+$D15*F15+$D16*F16+$D17*F17+$D18*F18)/$D19 -> 1133.57 | G19: =($D14*G14+$D15*G15+$D16*G16+$D17*G17+$D18*G18)/$D19 -> 100 | H19: =AVERAGE(H14:H18) -> 1802.156
A20: 10 | B20: 400 | C20: 1 | D20: =IF(F20<9999,1,0) -> 1 | E20: =IF(G20<1,1,0) -> 0 | F20: 1461.03 | G20: 100 | H20: 1805.13
A21: 10 | B21: 400 | C21: 2 | D21: =IF(F21<9999,1,0) -> 1 | E21: =IF(G21<1,1,0) -> 0 | F21: 1344.89 | G21: 100 | H21: 1804.7
A22: 10 | B22: 400 | C22: 3 | D22: =IF(F22<9999,1,0) -> 0 | E22: =IF(G22<1,1,0) -> 0 | F22: 11335.3 | G22: 100 | H22: 1802.58
A23: 10 | B23: 400 | C23: 4 | D23: =IF(F23<9999,1,0) -> 0 | E23: =IF(G23<1,1,0) -> 0 | F23: 20758.1 | G23: 100 | H23: 1803.2
A24: 10 | B24: 400 | C24: 5 | D24: =IF(F24<9999,1,0) -> 1 | E24: =IF(G24<1,1,0) -> 0 | F24: 617.261 | G24: 100 | H24: 1805.68
A25: Average | D25: =SUM(D20:D24) -> 3 | E25: =SUM(E20:E24) -> 0 | F25: =($D20*F20+$D21*F21+$D22*F22+$D23*F23+$D24*F24)/$D25 -> 1141.0603 | G25: =($D20*G20+$D21*G21+$D22*G22+$D23*G23+$D24*G24)/$D25 -> 100 | H25: =AVERAGE(H20:H24) -> 1804.258
A26: 10 | B26: 500 | C26: 1 | D26: =IF(F26<9999,1,0) -> 1 | E26: =IF(G26<1,1,0) -> 0 | F26: 1353.74 | G26: 100 | H26: 1800.16
A27: 10 | B27: 500 | C27: 2 | D27: =IF(F27<9999,1,0) -> 1 | E27: =IF(G27<1,1,0) -> 0 | F27: 1725.36 | G27: 100 | H27: 1802.21
A28: 10 | B28: 500 | C28: 3 | D28: =IF(F28<9999,1,0) -> 1 | E28: =IF(G28<1,1,0) -> 0 | F28: 942.517 | G28: 100 | H28: 1804.75
A29: 10 | B29: 500 | C29: 4 | D29: =IF(F29<9999,1,0) -> 1 | E29: =IF(G29<1,1,0) -> 0 | F29: 361.357 | G29: 100 | H29: 1804.28
A30: 10 | B30: 500 | C30: 5 | D30: =IF(F30<9999,1,0) -> 0 | E30: =IF(G30<1,1,0) -> 0 | F30: 20610.3 | G30: 100 | H30: 1803.54
A31: Average | D31: =SUM(D26:D30) -> 4 | E31: =SUM(E26:E30) -> 0 | F31: =($D26*F26+$D27*F27+$D28*F28+$D29*F29+$D30*F30)/$D31 -> 1095.7435 | G31: =($D26*G26+$D27*G27+$D28*G28+$D29*G29+$D30*G30)/$D31 -> 100 | H31: =AVERAGE(H26:H30) -> 1802.988
A33: Total | D33: =SUM(D7,D13,D19,D25,D31) -> 17 | E33: =SUM(E7,E13,E19,E25,E31) -> 0 | F33: =(F7*$D7+F13*$D13+F19*$D19+F25*$D25+F31*$D31)/($D7+$D13+$D19+$D25+$D31) -> 1029.5259 | G33: =(G7*$D7+G13*$D13+G19*$D19+G25*$D25+G31*$D31)/($D7+$D13+$D19+$D25+$D31) -> 100 | H33: =AVERAGE(H7,H13,H19,H25,H31) -> 1802.9424
A35: Summary | D35: =SUM('B2'!D33,'B4'!D33,'B6'!D33,'B8'!D33,'B10'!D33) -> 113 | E35: =SUM('B2'!E33,'B4'!E33,'B6'!E33,'B8'!E33,'B10'!E33) -> 75 | F35: =('B2'!F33*'B2'!D33+'B4'!F33*'B4'!D33+'B6'!F33*'B6'!D33+'B8'!F33*'B8'!D33+'B10'!F33*'B10'!D33)/'B10'!D35 -> 470.56994 | G35: =('B2'!G33*'B2'!D33+'B4'!G33*'B4'!D33+'B6'!G33*'B6'!D33+'B8'!G33*'B8'!D33+'B10'!G33*'B10'!D33)/D35 -> 33.08758 | H35: =AVERAGE('B2'!H33,'B4'!H33,'B6'!H33,'B8'!H33,'B10'!H33) -> 768.89871
