Workbook

Sheet B2
A1: B | B1: S | C1: C | D1: Fsl | E1: Opt | F1: Obj | G1: Gap | H1: Time
A2: 2 | B2: 100 | C2: 1 | D2: =IF(F2<9999,1,0) -> 1 | E2: =IF(G2<1,1,0) -> 1 | F2: 46.237 | G2: 0 | H2: 0.075191
A3: 2 | B3: 100 | C3: 2 | D3: =IF(F3<9999,1,0) -> 1 | E3: =IF(G3<1,1,0) -> 1 | F3: 415.643 | G3: 0 | H3: 0.115935
A4: 2 | B4: 100 | C4: 3 | D4: =IF(F4<9999,1,0) -> 1 | E4: =IF(G4<1,1,0) -> 1 | F4: 119.907 | G4: 0 | H4: 0.162571
A5: 2 | B5: 100 | C5: 4 | D5: =IF(F5<9999,1,0) -> 1 | E5: =IF(G5<1,1,0) -> 1 | F5: 78.3933 | G5: 0 | H5: 0.052598
A6: 2 | B6: 100 | C6: 5 | D6: =IF(F6<9999,1,0) -> 1 | E6: =IF(G6<1,1,0) -> 1 | F6: 152.588 | G6: 0.186667 | H6: 0.147622
A7: Average | D7: =SUM(D2:D6) -> 5 | E7: =SUM(E2:E6) -> 5 | F7: =($D2*F2+$D3*F3+$D4*F4+$D5*F5+$D6*F6)/$D7 -> 162.55366 | G7: =($D2*G2+$D3*G3+$D4*G4+$D5*G5+$D6*G6)/$D7 -> 0.0373334 | H7: =AVERAGE(H2:H6) -> 0.1107834
A8: 2 | B8: 200 | C8: 1 | D8: =IF(F8<9999,1,0) -> 1 | E8: =IF(G8<1,1,0) -> 1 | F8: 58.1893 | G8: 0 | H8: 0.168904
A9: 2 | B9: 200 | C9: 2 | D9: =IF(F9<9999,1,0) -> 1 | E9: =IF(G9<1,1,0) -> 1 | F9: 206.283 | G9: 0.256922 | H9: 0.15852
A10: 2 | B10: 200 | C10: 3 | D10: =IF(F10<9999,1,0) -> 1 | E10: =IF(G10<1,1,0) -> 1 | F10: 98.6311 | G10: 0 | H10: 0.150139
A11: 2 | B11: 200 | C11: 4 | D11: =IF(F11<9999,1,0) -> 1 | E11: =IF(G11<1,1,0) -> 1 | F11: 109.165 | G11: 0.823698 | H11: 0.294331
A12: 2 | B12: 200 | C12: 5 | D12: =IF(F12<9999,1,0) -> 1 | E12: =IF(G12<1,1,0) -> 1 | F12: 85.533 | G12: 0.25157 | H12: 0.158077
A13: Average | D13: =SUM(D8:D12) -> 5 | E13: =SUM(E8:E12) -> 5 | F13: =($D8*F8+$D9*F9+$D10*F10+$D11*F11+$D12*F12)/$D13 -> 111.56028 | G13: =($D8*G8+$D9*G9+$D10*G10+$D11*G11+$D12*G12)/$D13 -> 0.266438 | H13: =AVERAGE(H8:H12) -> 0.1859942
A14: 2 | B14: 300 | C14: 1 | D14: =IF(F14<9999,1,0) -> 1 | E14: =IF(G14<1,1,0) -> 1 | F14: 44.0792 | G14: 0.676725 | H14: 0.375398
A15: 2 | B15: 300 | C15: 2 | D15: =IF(F15<9999,1,0) -> 1 | E15: =IF(G15<1,1,0) -> 1 | F15: 109.68 | G15: 0 | H15: 0.589363
A16: 2 | B16: 300 | C16: 3 | D16: =IF(F16<9999,1,0) -> 1 | E16: =IF(G16<1,1,0) -> 1 | F16: 125.589 | G16: 0.864005 | H16: 0.517642
A17: 2 | B17: 300 | C17: 4 | D17: =IF(F17<9999,1,0) -> 1 | E17: =IF(G17<1,1,0) -> 1 | F17: 96.9155 | G17: 0 | H17: 0.234115
A18: 2 | B18: 300 | C18: 5 | D18: =IF(F18<9999,1,0) -> 1 | E18: =IF(G18<1,1,0) -> 1 | F18: 93.4545 | G18: 0.933498 | H18: 0.496173
A19: Average | D19: =SUM(D14:D18) -> 5 | E19: =SUM(E14:E18) -> 5 | F19: =($D14*F14+$D15*F15+$D16*F16+$D17*F17+$D18*F18)/$D19 -> 93.94364 | G19: =($D14*G14+$D15*G15+$D16*G16+$D17*G17+$D18*G18)/$D19 -> 0.4948456 | H19: =AVERAGE(H14:H18) -> 0.4425382
A20: 2 | B20: 400 | C20: 1 | D20: =IF(F20<9999,1,0) -> 1 | E20: =IF(G20<1,1,0) -> 1 | F20: 121.68 | G20: 0.456081 | H20: 0.59004
A21: 2 | B21: 400 | C21: 2 | D21: =IF(F21<9999,1,0) -> 1 | E21: =IF(G21<1,1,0) -> 1 | F21: 213.237 | G21: 0 | H21: 0.307613
A22: 2 | B22: 400 | C22: 3 | D22: =IF(F22<9999,1,0) -> 1 | E22: =IF(G22<1,1,0) -> 1 | F22: 142.183 | G22: 0 | H22: 0.437647
A23: 2 | B23: 400 | C23: 4 | D23: =IF(F23<9999,1,0) -> 1 | E23: =IF(G23<1,1,0) -> 1 | F23: 38.9152 | G23: 0 | H23: 0.294411
A24: 2 | B24: 400 | C24: 5 | D24: =IF(F24<9999,1,0) -> 1 | E24: =IF(G24<1,1,0) -> 1 | F24: 95.0598 | G24: 0 | H24: 0.334515
A25: Average | D25: =SUM(D20:D24) -> 5 | E25: =SUM(E20:E24) -> 5 | F25: =($D20*F20+$D21*F21+$D22*F22+$D23*F23+$D24*F24)/$D25 -> 122.215 | G25: =($D20*G20+$D21*G21+$D22*G22+$D23*G23+$D24*G24)/$D25 -> 0.0912162 | H25: =AVERAGE(H20:H24) -> 0.3928452
A26: 2 | B26: 500 | C26: 1 | D26: =IF(F26<9999,1,0) -> 1 | E26: =IF(G26<1,1,0) -> 1 | F26: 168.66 | G26: 0 | H26: 0.411013
A27: 2 | B27: 500 | C27: 2 | D27: =IF(F27<9999,1,0) -> 1 | E27: =IF(G27<1,1,0) -> 1 | F27: 222.354 | G27: 0 | H27: 0.475497
A28: 2 | B28: 500 | C28: 3 | D28: =IF(F28<9999,1,0) -> 1 | E28: =IF(G28<1,1,0) -> 1 | F28: 154.198 | G28: 0 | H28: 5.7792
A29: 2 | B29: 500 | C29: 4 | D29: =IF(F29<9999,1,0) -> 1 | E29: =IF(G29<1,1,0) -> 1 | F29: 366.564 | G29: 0 | H29: 0.873532
A30: 2 | B30: 500 | C30: 5 | D30: =IF(F30<9999,1,0) -> 1 | E30: =IF(G30<1,1,0) -> 1 | F30: 118.186 | G30: 0.562662 | H30: 0.918846
A31: Average | D31: =SUM(D26:D30) -> 5 | E31: =SUM(E26:E30) -> 5 | F31: =($D26*F26+$D27*F27+$D28*F28+$D29*F29+$D30*F30)/$D31 -> 205.9924 | G31: =($D26*G26+$D27*G27+$D28*G28+$D29*G29+$D30*G30)/$D31 -> 0.1125324 | H31: =AVERAGE(H26:H30) -> 1.6916176
A33: Total | D33: =SUM(D7,D13,D19,D25,D31) -> 25 | E33: =SUM(E7,E13,E19,E25,E31) -> 25 | F33: =(F7*$D7+F13*$D13+F19*$D19+F25*$D25+F31*$D31)/($D7+$D13+$D19+$D25+$D31) -> 139.253 | G33: =(G7*$D7+G13*$D13+G19*$D19+G25*$D25+G31*$D31)/($D7+$D13+$D19+$D25+$D31) -> 0.20047312 | H33: =AVERAGE(H7,H13,H19,H25,H31) -> 0.56475572

Sheet B4
A1: B | B1: S | C1: C | D1: Fsl | E1: Opt | F1: Obj | G1: Gap | H1: Time
A2: 4 | B2: 100 | C2: 1 | D2: =IF(F2<9999,1,0) -> 1 | E2: =IF(G2<1,1,0) -> 1 | F2: 108.76 | G2: 0.580487 | H2: 0.291606
A3: 4 | B3: 100 | C3: 2 | D3: =IF(F3<9999,1,0) -> 1 | E3: =IF(G3<1,1,0) -> 1 | F3: 156.202 | G3: 0.900861 | H3: 0.637381
A4: 4 | B4: 100 | C4: 3 | D4: =IF(F4<9999,1,0) -> 1 | E4: =IF(G4<1,1,0) -> 1 | F4: 232.413 | G4: 0.996297 | H4: 6.17551
A5: 4 | B5: 100 | C5: 4 | D5: =IF(F5<9999,1,0) -> 1 | E5: =IF(G5<1,1,0) -> 1 | F5: 326.663 | G5: 0.974744 | H5: 8.82428
A6: 4 | B6: 100 | C6: 5 | D6: =IF(F6<9999,1,0) -> 1 | E6: =IF(G6<1,1,0) -> 1 | F6: 246.241 | G6: 0.567752 | H6: 0.343624
A7: Average | D7: =SUM(D2:D6) -> 5 | E7: =SUM(E2:E6) -> 5 | F7: =($D2*F2+$D3*F3+$D4*F4+$D5*F5+$D6*F6)/$D7 -> 214.0558 | G7: =($D2*G2+$D3*G3+$D4*G4+$D5*G5+$D6*G6)/$D7 -> 0.8040282 | H7: =AVERAGE(H2:H6) -> 3.2544802
A8: 4 | B8: 200 | C8: 1 | D8: =IF(F8<9999,1,0) -> 1 | E8: =IF(G8<1,1,0) -> 1 | F8: 214.584 | G8: 0.430724 | H8: 0.93858
A9: 4 | B9: 200 | C9: 2 | D9: =IF(F9<9999,1,0) -> 1 | E9: =IF(G9<1,1,0) -> 1 | F9: 184.502 | G9: 0.795433 | H9: 1.65483
A10: 4 | B10: 200 | C10: 3 | D10: =IF(F10<9999,1,0) -> 1 | E10: =IF(G10<1,1,0) -> 1 | F10: 198.537 | G10: 0.985834 | H10: 6.56621
A11: 4 | B11: 200 | C11: 4 | D11: =IF(F11<9999,1,0) -> 1 | E11: =IF(G11<1,1,0) -> 1 | F11: 281.747 | G11: 0.665053 | H11: 0.949658
A12: 4 | B12: 200 | C12: 5 | D12: =IF(F12<9999,1,0) -> 1 | E12: =IF(G12<1,1,0) -> 1 | F12: 112.404 | G12: 0 | H12: 0.7281
A13: Average | D13: =SUM(D8:D12) -> 5 | E13: =SUM(E8:E12) -> 5 | F13: =($D8*F8+$D9*F9+$D10*F10+$D11*F11+$D12*F12)/$D13 -> 198.3548 | G13: =($D8*G8+$D9*G9+$D10*G10+$D11*G11+$D12*G12)/$D13 -> 0.5754088 | H13: =AVERAGE(H8:H12) -> 2.1674756
A14: 4 | B14: 300 | C14: 1 | D14: =IF(F14<9999,1,0) -> 1 | E14: =IF(G14<1,1,0) -> 1 | F14: 154.148 | G14: 0.685491 | H14: 0.982864
A15: 4 | B15: 300 | C15: 2 | D15: =IF(F15<9999,1,0) -> 1 | E15: =IF(G15<1,1,0) -> 1 | F15: 176.668 | G15: 0.433637 | H15: 0.981985
A16: 4 | B16: 300 | C16: 3 | D16: =IF(F16<9999,1,0) -> 1 | E16: =IF(G16<1,1,0) -> 1 | F16: 201.985 | G16: 0.0297 | H16: 3.134
A17: 4 | B17: 300 | C17: 4 | D17: =IF(F17<9999,1,0) -> 1 | E17: =IF(G17<1,1,0) -> 1 | F17: 144.684 | G17: 0.365202 | H17: 0.948276
A18: 4 | B18: 300 | C18: 5 | D18: =IF(F18<9999,1,0) -> 1 | E18: =IF(G18<1,1,0) -> 1 | F18: 148.772 | G18: 0.995729 | H18: 219.733
A19: Average | D19: =SUM(D14:D18) -> 5 | E19: =SUM(E14:E18) -> 5 | F19: =($D14*F14+$D15*F15+$D16*F16+$D17*F17+$D18*F18)/$D19 -> 165.2514 | G19: =($D14*G14+$D15*G15+$D16*G16+$D17*G17+$D18*G18)/$D19 -> 0.5019518 | H19: =AVERAGE(H14:H18) -> 45.156025
A20: 4 | B20: 400 | C20: 1 | D20: =IF(F20<9999,1,0) -> 1 | E20: =IF(G20<1,1,0) -> 1 | F20: 120.199 | G20: 0.173782 | H20: 1.03974
A21: 4 | B21: 400 | C21: 2 | D21: =IF(F21<9999,1,0) -> 1 | E21: =IF(G21<1,1,0) -> 1 | F21: 440.078 | G21: 0.387237 | H21: 1.94852
A22: 4 | B22: 400 | C22: 3 | D22: =IF(F22<9999,1,0) -> 1 | E22: =IF(G22<1,1,0) -> 1 | F22: 259.261 | G22: 0.537126 | H22: 1.47975
A23: 4 | B23: 400 | C23: 4 | D23: =IF(F23<9999,1,0) -> 1 | E23: =IF(G23<1,1,0) -> 1 | F23: 166.985 | G23: 0.649223 | H23: 1.72965
A24: 4 | B24: 400 | C24: 5 | D24: =IF(F24<9999,1,0) -> 1 | E24: =IF(G24<1,1,0) -> 1 | F24: 147.398 | G24: 0.999947 | H24: 32.6935
A25: Average | D25: =SUM(D20:D24) -> 5 | E25: =SUM(E20:E24) -> 5 | F25: =($D20*F20+$D21*F21+$D22*F22+$D23*F23+$D24*F24)/$D25 -> 226.7842 | G25: =($D20*G20+$D21*G21+$D22*G22+$D23*G23+$D24*G24)/$D25 -> 0.549463 | H25: =AVERAGE(H20:H24) -> 7.778232
A26: 4 | B26: 500 | C26: 1 | D26: =IF(F26<9999,1,0) -> 1 | E26: =IF(G26<1,1,0) -> 1 | F26: 370.64 | G26: 0.573585 | H26: 3.11713
A27: 4 | B27: 500 | C27: 2 | D27: =IF(F27<9999,1,0) -> 1 | E27: =IF(G27<1,1,0) -> 1 | F27: 249.253 | G27: 0.918604 | H27: 2.40637
A28: 4 | B28: 500 | C28: 3 | D28: =IF(F28<9999,1,0) -> 1 | E28: =IF(G28<1,1,0) -> 1 | F28: 155.414 | G28: 0.369167 | H28: 2.0336
A29: 4 | B29: 500 | C29: 4 | D29: =IF(F29<9999,1,0) -> 1 | E29: =IF(G29<1,1,0) -> 1 | F29: 214.77 | G29: 0.856027 | H29: 2.29931
A30: 4 | B30: 500 | C30: 5 | D30: =IF(F30<9999,1,0) -> 1 | E30: =IF(G30<1,1,0) -> 1 | F30: 186.844 | G30: 0.0986235 | H30: 1.90568
A31: Average | D31: =SUM(D26:D30) -> 5 | E31: =SUM(E26:E30) -> 5 | F31: =($D26*F26+$D27*F27+$D28*F28+$D29*F29+$D30*F30)/$D31 -> 235.3842 | G31: =($D26*G26+$D27*G27+$D28*G28+$D29*G29+$D30*G30)/$D31 -> 0.5632013 | H31: =AVERAGE(H26:H30) -> 2.352418
A33: Total | D33: =SUM(D7,D13,D19,D25,D31) -> 25 | E33: =SUM(E7,E13,E19,E25,E31) -> 25 | F33: =(F7*$D7+F13*$D13+F19*$D19+F25*$D25+F31*$D31)/($D7+$D13+$D19+$D25+$D31) -> 207.96608 | G33: =(G7*$D7+G13*$D13+G19*$D19+G25*$D25+G31*$D31)/($D7+$D13+$D19+$D25+$D31) -> 0.59881062 | H33: =AVERAGE(H7,H13,H19,H25,H31) -> 12.141726
I55: 224.524

Sheet B6
A1: B | B1: S | C1: C | D1: Fsl | E1: Opt | F1: Obj | G1: Gap | H1: Time
A2: 6 | B2: 100 | C2: 1 | D2: =IF(F2<9999,1,0) -> 1 | E2: =IF(G2<1,1,0) -> 1 | F2: 369.45 | G2: 0.929011 | H2: 2.45764
A3: 6 | B3: 100 | C3: 2 | D3: =IF(F3<9999,1,0) -> 1 | E3: =IF(G3<1,1,0) -> 1 | F3: 283.24 | G3: 0.5383 | H3: 0.692314
A4: 6 | B4: 100 | C4: 3 | D4: =IF(F4<9999,1,0) -> 1 | E4: =IF(G4<1,1,0) -> 1 | F4: 482.456 | G4: 0.988021 | H4: 0.957426
A5: 6 | B5: 100 | C5: 4 | D5: =IF(F5<9999,1,0) -> 1 | E5: =IF(G5<1,1,0) -> 1 | F5: 267.624 | G5: 0.686864 | H5: 0.741509
A6: 6 | B6: 100 | C6: 5 | D6: =IF(F6<9999,1,0) -> 1 | E6: =IF(G6<1,1,0) -> 1 | F6: 430.316 | G6: 0.574164 | H6: 3.42416
A7: Average | D7: =SUM(D2:D6) -> 5 | E7: =SUM(E2:E6) -> 5 | F7: =($D2*F2+$D3*F3+$D4*F4+$D5*F5+$D6*F6)/$D7 -> 366.6172 | G7: =($D2*G2+$D3*G3+$D4*G4+$D5*G5+$D6*G6)/$D7 -> 0.743272 | H7: =AVERAGE(H2:H6) -> 1.6546098
A8: 6 | B8: 200 | C8: 1 | D8: =IF(F8<9999,1,0) -> 1 | E8: =IF(G8<1,1,0) -> 1 | F8: 553.512 | G8: 0.436949 | H8: 1.90048
A9: 6 | B9: 200 | C9: 2 | D9: =IF(F9<9999,1,0) -> 1 | E9: =IF(G9<1,1,0) -> 1 | F9: 394.985 | G9: 0.571123 | H9: 1.43202
A10: 6 | B10: 200 | C10: 3 | D10: =IF(F10<9999,1,0) -> 1 | E10: =IF(G10<1,1,0) -> 1 | F10: 238.188 | G10: 0.887062 | H10: 115.403
A11: 6 | B11: 200 | C11: 4 | D11: =IF(F11<9999,1,0) -> 1 | E11: =IF(G11<1,1,0) -> 1 | F11: 379.494 | G11: 0.986198 | H11: 2.53041
A12: 6 | B12: 200 | C12: 5 | D12: =IF(F12<9999,1,0) -> 1 | E12: =IF(G12<1,1,0) -> 1 | F12: 232.084 | G12: 0.255992 | H12: 1.52712
A13: Average | D13: =SUM(D8:D12) -> 5 | E13: =SUM(E8:E12) -> 5 | F13: =($D8*F8+$D9*F9+$D10*F10+$D11*F11+$D12*F12)/$D13 -> 359.6526 | G13: =($D8*G8+$D9*G9+$D10*G10+$D11*G11+$D12*G12)/$D13 -> 0.6274648 | H13: =AVERAGE(H8:H12) -> 24.558606
A14: 6 | B14: 300 | C14: 1 | D14: =IF(F14<9999,1,0) -> 1 | E14: =IF(G14<1,1,0) -> 1 | F14: 381.753 | G14: 0.817992 | H14: 159.678
A15: 6 | B15: 300 | C15: 2 | D15: =IF(F15<9999,1,0) -> 1 | E15: =IF(G15<1,1,0) -> 1 | F15: 258.463 | G15: 0.379995 | H15: 9.08475
A16: 6 | B16: 300 | C16: 3 | D16: =IF(F16<9999,1,0) -> 1 | E16: =IF(G16<1,1,0) -> 1 | F16: 193.718 | G16: 0.267138 | H16: 1.72282
A17: 6 | B17: 300 | C17: 4 | D17: =IF(F17<9999,1,0) -> 1 | E17: =IF(G17<1,1,0) -> 0 | F17: 321.613 | G17: 1.06605 | H17: 1800.29
A18: 6 | B18: 300 | C18: 5 | D18: =IF(F18<9999,1,0) -> 1 | E18: =IF(G18<1,1,0) -> 1 | F18: 369.405 | G18: 0.961243 | H18: 4.43541
A19: Average | D19: =SUM(D14:D18) -> 5 | E19: =SUM(E14:E18) -> 4 | F19: =($D14*F14+$D15*F15+$D16*F16+$D17*F17+$D18*F18)/$D19 -> 304.9904 | G19: =($D14*G14+$D15*G15+$D16*G16+$D17*G17+$D18*G18)/$D19 -> 0.6984836 | H19: =AVERAGE(H14:H18) -> 395.0422
A20: 6 | B20: 400 | C20: 1 | D20: =IF(F20<9999,1,0) -> 1 | E20: =IF(G20<1,1,0) -> 1 | F20: 343.778 | G20: 0.842715 | H20: 9.22194
A21: 6 | B21: 400 | C21: 2 | D21: =IF(F21<9999,1,0) -> 1 | E21: =IF(G21<1,1,0) -> 1 | F21: 381.871 | G21: 0.940946 | H21: 132.106
A22: 6 | B22: 400 | C22: 3 | D22: =IF(F22<9999,1,0) -> 1 | E22: =IF(G22<1,1,0) -> 1 | F22: 298.963 | G22: 0.426157 | H22: 2.51794
A23: 6 | B23: 400 | C23: 4 | D23: =IF(F23<9999,1,0) -> 1 | E23: =IF(G23<1,1,0) -> 1 | F23: 246.695 | G23: 0.979774 | H23: 6.91595
A24: 6 | B24: 400 | C24: 5 | D24: =IF(F24<9999,1,0) -> 1 | E24: =IF(G24<1,1,0) -> 1 | F24: 293.06 | G24: 0.993791 | H24: 84.8367
A25: Average | D25: =SUM(D20:D24) -> 5 | E25: =SUM(E20:E24) -> 5 | F25: =($D20*F20+$D21*F21+$D22*F22+$D23*F23+$D24*F24)/$D25 -> 312.8734 | G25: =($D20*G20+$D21*G21+$D22*G22+$D23*G23+$D24*G24)/$D25 -> 0.8366766 | H25: =AVERAGE(H20:H24) -> 47.119706
A26: 6 | B26: 500 | C26: 1 | D26: =IF(F26<9999,1,0) -> 1 | E26: =IF(G26<1,1,0) -> 1 | F26: 169.224 | G26: 0.765562 | H26: 5.21478
A27: 6 | B27: 500 | C27: 2 | D27: =IF(F27<9999,1,0) -> 1 | E27: =IF(G27<1,1,0) -> 1 | F27: 296.575 | G27: 0.946614 | H27: 27.2347
A28: 6 | B28: 500 | C28: 3 | D28: =IF(F28<9999,1,0) -> 1 | E28: =IF(G28<1,1,0) -> 1 | F28: 314.823 | G28: 0 | H28: 4.48846
A29: 6 | B29: 500 | C29: 4 | D29: =IF(F29<9999,1,0) -> 1 | E29: =IF(G29<1,1,0) -> 1 | F29: 205.494 | G29: 0.959073 | H29: 49.5505
A30: 6 | B30: 500 | C30: 5 | D30: =IF(F30<9999,1,0) -> 1 | E30: =IF(G30<1,1,0) -> 1 | F30: 267.553 | G30: 0.970176 | H30: 12.065
A31: Average | D31: =SUM(D26:D30) -> 5 | E31: =SUM(E26:E30) -> 5 | F31: =($D26*F26+$D27*F27+$D28*F28+$D29*F29+$D30*F30)/$D31 -> 250.7338 | G31: =($D26*G26+$D27*G27+$D28*G28+$D29*G29+$D30*G30)/$D31 -> 0.728285 | H31: =AVERAGE(H26:H30) -> 19.710688
A33: Total | D33: =SUM(D7,D13,D19,D25,D31) -> 25 | E33: =SUM(E7,E13,E19,E25,E31) -> 24 | F33: =(F7*$D7+F13*$D13+F19*$D19+F25*$D25+F31*$D31)/($D7+$D13+$D19+$D25+$D31) -> 318.97348 | G33: =(G7*$D7+G13*$D13+G19*$D19+G25*$D25+G31*$D31)/($D7+$D13+$D19+$D25+$D31) -> 0.7268364 | H33: =AVERAGE(H7,H13,H19,H25,H31) -> 97.617161
I55: 256.575

Sheet B8
A1: B | B1: S | C1: C | D1: Fsl | E1: Opt | F1: Obj | G1: Gap | H1: Time
A2: 8 | B2: 100 | C2: 1 | D2: =IF(F2<9999,1,0) -> 1 | E2: =IF(G2<1,1,0) -> 1 | F2: 314.056 | G2: 0.71913 | H2: 24.122
A3: 8 | B3: 100 | C3: 2 | D3: =IF(F3<9999,1,0) -> 1 | E3: =IF(G3<1,1,0) -> 0 | F3: 296.469 | G3: 3.24452 | H3: 1800.85
A4: 8 | B4: 100 | C4: 3 | D4: =IF(F4<9999,1,0) -> 1 | E4: =IF(G4<1,1,0) -> 1 | F4: 494.786 | G4: 0.99073 | H4: 44.5035
A5: 8 | B5: 100 | C5: 4 | D5: =IF(F5<9999,1,0) -> 1 | E5: =IF(G5<1,1,0) -> 1 | F5: 295.582 | G5: 0.509303 | H5: 1.79508
A6: 8 | B6: 100 | C6: 5 | D6: =IF(F6<9999,1,0) -> 1 | E6: =IF(G6<1,1,0) -> 1 | F6: 472.136 | G6: 0.953211 | H6: 3.86045
A7: Average | D7: =SUM(D2:D6) -> 5 | E7: =SUM(E2:E6) -> 4 | F7: =($D2*F2+$D3*F3+$D4*F4+$D5*F5+$D6*F6)/$D7 -> 374.6058 | G7: =($D2*G2+$D3*G3+$D4*G4+$D5*G5+$D6*G6)/$D7 -> 1.2833788 | H7: =AVERAGE(H2:H6) -> 375.02621
A8: 8 | B8: 200 | C8: 1 | D8: =IF(F8<9999,1,0) -> 1 | E8: =IF(G8<1,1,0) -> 1 | F8: 331.631 | G8: 0.980942 | H8: 178.716
A9: 8 | B9: 200 | C9: 2 | D9: =IF(F9<9999,1,0) -> 1 | E9: =IF(G9<1,1,0) -> 1 | F9: 579.285 | G9: 0.892607 | H9: 32.9386
A10: 8 | B10: 200 | C10: 3 | D10: =IF(F10<9999,1,0) -> 1 | E10: =IF(G10<1,1,0) -> 1 | F10: 537.695 | G10: 0.79208 | H10: 2.39418
A11: 8 | B11: 200 | C11: 4 | D11: =IF(F11<9999,1,0) -> 1 | E11: =IF(G11<1,1,0) -> 1 | F11: 441.068 | G11: 0.588329 | H11: 34.3474
A12: 8 | B12: 200 | C12: 5 | D12: =IF(F12<9999,1,0) -> 1 | E12: =IF(G12<1,1,0) -> 1 | F12: 460.409 | G12: 0.632929 | H12: 37.2552
A13: Average | D13: =SUM(D8:D12) -> 5 | E13: =SUM(E8:E12) -> 5 | F13: =($D8*F8+$D9*F9+$D10*F10+$D11*F11+$D12*F12)/$D13 -> 470.0176 | G13: =($D8*G8+$D9*G9+$D10*G10+$D11*G11+$D12*G12)/$D13 -> 0.7773774 | H13: =AVERAGE(H8:H12) -> 57.130276
A14: 8 | B14: 300 | C14: 1 | D14: =IF(F14<9999,1,0) -> 1 | E14: =IF(G14<1,1,0) -> 1 | F14: 362.046 | G14: 0.697612 | H14: 7.7328
A15: 8 | B15: 300 | C15: 2 | D15: =IF(F15<9999,1,0) -> 1 | E15: =IF(G15<1,1,0) -> 1 | F15: 373.334 | G15: 0.999703 | H15: 1088.66
A16: 8 | B16: 300 | C16: 3 | D16: =IF(F16<9999,1,0) -> 1 | E16: =IF(G16<1,1,0) -> 1 | F16: 373.828 | G16: 0.303531 | H16: 3.8492
A17: 8 | B17: 300 | C17: 4 | D17: =IF(F17<9999,1,0) -> 1 | E17: =IF(G17<1,1,0) -> 1 | F17: 336.847 | G17: 0.950154 | H17: 10.9549
A18: 8 | B18: 300 | C18: 5 | D18: =IF(F18<9999,1,0) -> 1 | E18: =IF(G18<1,1,0) -> 1 | F18: 302.77 | G18: 0.772514 | H18: 6.93881
A19: Average | D19: =SUM(D14:D18) -> 5 | E19: =SUM(E14:E18) -> 5 | F19: =($D14*F14+$D15*F15+$D16*F16+$D17*F17+$D18*F18)/$D19 -> 349.765 | G19: =($D14*G14+$D15*G15+$D16*G16+$D17*G17+$D18*G18)/$D19 -> 0.7447028 | H19: =AVERAGE(H14:H18) -> 223.62714
A20: 8 | B20: 400 | C20: 1 | D20: =IF(F20<9999,1,0) -> 1 | E20: =IF(G20<1,1,0) -> 1 | F20: 307.363 | G20: 0.986949 | H20: 42.3522
A21: 8 | B21: 400 | C21: 2 | D21: =IF(F21<9999,1,0) -> 1 | E21: =IF(G21<1,1,0) -> 1 | F21: 293.34 | G21: 0.684561 | H21: 9.88922
A22: 8 | B22: 400 | C22: 3 | D22: =IF(F22<9999,1,0) -> 1 | E22: =IF(G22<1,1,0) -> 1 | F22: 345.285 | G22: 0.561316 | H22: 9.63046
A23: 8 | B23: 400 | C23: 4 | D23: =IF(F23<9999,1,0) -> 1 | E23: =IF(G23<1,1,0) -> 0 | F23: 475.977 | G23: 1.92697 | H23: 1804.47
A24: 8 | B24: 400 | C24: 5 | D24: =IF(F24<9999,1,0) -> 1 | E24: =IF(G24<1,1,0) -> 1 | F24: 296.259 | G24: 0.802257 | H24: 373.249
A25: Average | D25: =SUM(D20:D24) -> 5 | E25: =SUM(E20:E24) -> 4 | F25: =($D20*F20+$D21*F21+$D22*F22+$D23*F23+$D24*F24)/$D25 -> 343.6448 | G25: =($D20*G20+$D21*G21+$D22*G22+$D23*G23+$D24*G24)/$D25 -> 0.9924106 | H25: =AVERAGE(H20:H24) -> 447.91818
A26: 8 | B26: 500 | C26: 1 | D26: =IF(F26<9999,1,0) -> 1 | E26: =IF(G26<1,1,0) -> 1 | F26: 357.962 | G26: 0.987063 | H26: 24.9737
A27: 8 | B27: 500 | C27: 2 | D27: =IF(F27<9999,1,0) -> 1 | E27: =IF(G27<1,1,0) -> 1 | F27: 345.271 | G27: 0.873857 | H27: 14.9095
A28: 8 | B28: 500 | C28: 3 | D28: =IF(F28<9999,1,0) -> 1 | E28: =IF(G28<1,1,0) -> 1 | F28: 498.314 | G28: 0.790621 | H28: 18.913
A29: 8 | B29: 500 | C29: 4 | D29: =IF(F29<9999,1,0) -> 1 | E29: =IF(G29<1,1,0) -> 1 | F29: 498.109 | G29: 0.411229 | H29: 7.75047
A30: 8 | B30: 500 | C30: 5 | D30: =IF(F30<9999,1,0) -> 1 | E30: =IF(G30<1,1,0) -> 0 | F30: 323.653 | G30: 2.36308 | H30: 1801.81
A31: Average | D31: =SUM(D26:D30) -> 5 | E31: =SUM(E26:E30) -> 4 | F31: =($D26*F26+$D27*F27+$D28*F28+$D29*F29+$D30*F30)/$D31 -> 404.6618 | G31: =($D26*G26+$D27*G27+$D28*G28+$D29*G29+$D30*G30)/$D31 -> 1.08517 | H31: =AVERAGE(H26:H30) -> 373.67133
A33: Total | D33: =SUM(D7,D13,D19,D25,D31) -> 25 | E33: =SUM(E7,E13,E19,E25,E31) -> 22 | F33: =(F7*$D7+F13*$D13+F19*$D19+F25*$D25+F31*$D31)/($D7+$D13+$D19+$D25+$D31) -> 388.539 | G33: =(G7*$D7+G13*$D13+G19*$D19+G25*$D25+G31*$D31)/($D7+$D13+$D19+$D25+$D31) -> 0.97660792 | H33: =AVERAGE(H7,H13,H19,H25,H31) -> 295.47463
I55: 829.325

Sheet B10
A1: B | B1: S | C1: C | D1: Fsl | E1: Opt | F1: Obj | G1: Gap | H1: Time
A2: 10 | B2: 100 | C2: 1 | D2: =IF(F2<9999,1,0) -> 1 | E2: =IF(G2<1,1,0) -> 1 | F2: 831.17 | G2: 0.798022 | H2: 542.176
A3: 10 | B3: 100 | C3: 2 | D3: =IF(F3<9999,1,0) -> 1 | E3: =IF(G3<1,1,0) -> 0 | F3: 465.796 | G3: 2.71194 | H3: 1801.26
A4: 10 | B4: 100 | C4: 3 | D4: =IF(F4<9999,1,0) -> 1 | E4: =IF(G4<1,1,0) -> 1 | F4: 458.867 | G4: 0.380129 | H4: 222.057
A5: 10 | B5: 100 | C5: 4 | D5: =IF(F5<9999,1,0) -> 1 | E5: =IF(G5<1,1,0) -> 1 | F5: 408.053 | G5: 0.984576 | H5: 12.9476
A6: 10 | B6: 100 | C6: 5 | D6: =IF(F6<9999,1,0) -> 1 | E6: =IF(G6<1,1,0) -> 1 | F6: 362.563 | G6: 0.975563 | H6: 2.28918
A7: Average | D7: =SUM(D2:D6) -> 5 | E7: =SUM(E2:E6) -> 4 | F7: =($D2*F2+$D3*F3+$D4*F4+$D5*F5+$D6*F6)/$D7 -> 505.2898 | G7: =($D2*G2+$D3*G3+$D4*G4+$D5*G5+$D6*G6)/$D7 -> 1.170046 | H7: =AVERAGE(H2:H6) -> 516.14596
A8: 10 | B8: 200 | C8: 1 | D8: =IF(F8<9999,1,0) -> 1 | E8: =IF(G8<1,1,0) -> 0 | F8: 596.868 | G8: 1.7425 | H8: 1800.18
A9: 10 | B9: 200 | C9: 2 | D9: =IF(F9<9999,1,0) -> 1 | E9: =IF(G9<1,1,0) -> 1 | F9: 328.619 | G9: 0.812346 | H9: 4.02129
A10: 10 | B10: 200 | C10: 3 | D10: =IF(F10<9999,1,0) -> 1 | E10: =IF(G10<1,1,0) -> 1 | F10: 459.911 | G10: 0.992885 | H10: 1286.17
A11: 10 | B11: 200 | C11: 4 | D11: =IF(F11<9999,1,0) -> 1 | E11: =IF(G11<1,1,0) -> 1 | F11: 492.542 | G11: 0.860277 | H11: 347.285
A12: 10 | B12: 200 | C12: 5 | D12: =IF(F12<9999,1,0) -> 1 | E12: =IF(G12<1,1,0) -> 1 | F12: 456.875 | G12: 0.992887 | H12: 804.316
A13: Average | D13: =SUM(D8:D12) -> 5 | E13: =SUM(E8:E12) -> 4 | F13: =($D8*F8+$D9*F9+$D10*F10+$D11*F11+$D12*F12)/$D13 -> 466.963 | G13: =($D8*G8+$D9*G9+$D10*G10+$D11*G11+$D12*G12)/$D13 -> 1.080179 | H13: =AVERAGE(H8:H12) -> 848.39446
A14: 10 | B14: 300 | C14: 1 | D14: =IF(F14<9999,1,0) -> 1 | E14: =IF(G14<1,1,0) -> 0 | F14: 578.826 | G14: 2.71503 | H14: 1800.96
A15: 10 | B15: 300 | C15: 2 | D15: =IF(F15<9999,1,0) -> 1 | E15: =IF(G15<1,1,0) -> 1 | F15: 545.825 | G15: 0.940369 | H15: 12.3202
A16: 10 | B16: 300 | C16: 3 | D16: =IF(F16<9999,1,0) -> 1 | E16: =IF(G16<1,1,0) -> 1 | F16: 364.076 | G16: 0.902553 | H16: 21.7527
A17: 10 | B17: 300 | C17: 4 | D17: =IF(F17<9999,1,0) -> 1 | E17: =IF(G17<1,1,0) -> 1 | F17: 448.708 | G17: 0.815562 | H17: 229.143
A18: 10 | B18: 300 | C18: 5 | D18: =IF(F18<9999,1,0) -> 1 | E18: =IF(G18<1,1,0) -> 0 | F18: 740.556 | G18: 1.44885 | H18: 1801.32
A19: Average | D19: =SUM(D14:D18) -> 5 | E19: =SUM(E14:E18) -> 3 | F19: =($D14*F14+$D15*F15+$D16*F16+$D17*F17+$D18*F18)/$D19 -> 535.5982 | G19: =($D14*G14+$D15*G15+$D16*G16+$D17*G17+$D18*G18)/$D19 -> 1.3644728 | H19: =AVERAGE(H14:H18) -> 773.09918
A20: 10 | B20: 400 | C20: 1 | D20: =IF(F20<9999,1,0) -> 1 | E20: =IF(G20<1,1,0) -> 1 | F20: 596.643 | G20: 0.951617 | H20: 165.646
A21: 10 | B21: 400 | C21: 2 | D21: =IF(F21<9999,1,0) -> 1 | E21: =IF(G21<1,1,0) -> 1 | F21: 541.315 | G21: 0.619452 | H21: 97.8426
A22: 10 | B22: 400 | C22: 3 | D22: =IF(F22<9999,1,0) -> 1 | E22: =IF(G22<1,1,0) -> 1 | F22: 581.866 | G22: 0.22717 | H22: 38.9263
A23: 10 | B23: 400 | C23: 4 | D23: =IF(F23<9999,1,0) -> 1 | E23: =IF(G23<1,1,0) -> 1 | F23: 474.101 | G23: 0.559499 | H23: 273.427
A24: 10 | B24: 400 | C24: 5 | D24: =IF(F24<9999,1,0) -> 1 | E24: =IF(G24<1,1,0) -> 1 | F24: 604.963 | G24: 0.68656 | H24: 13.4277
A25: Average | D25: =SUM(D20:D24) -> 5 | E25: =SUM(E20:E24) -> 5 | F25: =($D20*F20+$D21*F21+$D22*F22+$D23*F23+$D24*F24)/$D25 -> 559.7776 | G25: =($D20*G20+$D21*G21+$D22*G22+$D23*G23+$D24*G24)/$D25 -> 0.6088596 | H25: =AVERAGE(H20:H24) -> 117.85392
A26: 10 | B26: 500 | C26: 1 | D26: =IF(F26<9999,1,0) -> 1 | E26: =IF(G26<1,1,0) -> 1 | F26: 452.366 | G26: 0.996179 | H26: 554.456
A27: 10 | B27: 500 | C27: 2 | D27: =IF(F27<9999,1,0) -> 1 | E27: =IF(G27<1,1,0) -> 0 | F27: 705.145 | G27: 3.50763 | H27: 1800.84
A28: 10 | B28: 500 | C28: 3 | D28: =IF(F28<9999,1,0) -> 1 | E28: =IF(G28<1,1,0) -> 0 | F28: 475.391 | G28: 2.79322 | H28: 1800.01
A29: 10 | B29: 500 | C29: 4 | D29: =IF(F29<9999,1,0) -> 1 | E29: =IF(G29<1,1,0) -> 1 | F29: 353.892 | G29: 0.875785 | H29: 18.9303
A30: 10 | B30: 500 | C30: 5 | D30: =IF(F30<9999,1,0) -> 1 | E30: =IF(G30<1,1,0) -> 1 | F30: 492.212 | G30: 0.993154 | H30: 53.6591
A31: Average | D31: =SUM(D26:D30) -> 5 | E31: =SUM(E26:E30) -> 3 | F31: =($D26*F26+$D27*F27+$D28*F28+$D29*F29+$D30*F30)/$D31 -> 495.8012 | G31: =($D26*G26+$D27*G27+$D28*G28+$D29*G29+$D30*G30)/$D31 -> 1.8331936 | H31: =AVERAGE(H26:H30) -> 845.57908
A33: Total | D33: =SUM(D7,D13,D19,D25,D31) -> 25 | E33: =SUM(E7,E13,E19,E25,E31) -> 19 | F33: =(F7*$D7+F13*$D13+F19*$D19+F25*$D25+F31*$D31)/($D7+$D13+$D19+$D25+$D31) -> 512.68596 | G33: =(G7*$D7+G13*$D13+G19*$D19+G25*$D25+G31*$D31)/($D7+$D13+$D19+$D25+$D31) -> 1.2113502 | H33: =AVERAGE(H7,H13,H19,H25,H31) -> 620.21452
A35: Summary | D35: =SUM('B2'!D33,'B4'!D33,'B6'!D33,'B8'!D33,'B10'!D33) -> 125 | E35: =SUM('B2'!E33,'B4'!E33,'B6'!E33,'B8'!E33,'B10'!E33) -> 115 | F35: =AVERAGE('B2'!F33,'B4'!F33,'B6'!F33,'B8'!F33,'B10'!F33) -> 313.4835 | G35: =AVERAGE('B2'!G33,'B4'!G33,'B6'!G33,'B8'!G33,'B10'!G33) -> 0.74281565 | H35: =AVERAGE('B2'!H33,'B4'!H33,'B6'!H33,'B8'!H33,'B10'!H33) -> 205.20256
I55: 416.116
